Number,Created,Updated,Created by,Short description,Caller,Resolution code,Resolution notes,Priority,Assignment group,Previous Assignment Group,Initial Assignment Group,Jira Key,Reassigned count,Assigned To,State,On hold reason,Resolved,Resolved by,Symptom,Application Name,Jira Status,Jira Assignee,Jira Bug,Jira End Date,Jira URL,Category,Closed,Closed by,Reassignment count,Business Priority,Line of Business
INC0463845,01/05/2026 10:30:04,01/05/2026 17:41:22,michele.williams@northwindtel.com,7000015344 - Small Business,Michele Williams,Resolved - User Education,per HUB IT: Account was migrated and is available in the Business HUB. A new invite was sent to michele.williams@northwindtel.com.,4 - Low,BUS Sales Ordering and Digital Support,IT Enterprise Digital Portal,BOSS OM Enterprise Wholesale IT Support,,4,Derek Okafor,Resolved,,01/05/2026 11:49:22,Derek Okafor,Access/Login/Permission Issue,,,,False,,,"Marketing, Sales & Billing Applications",,,5,,
INC0458592,01/06/2026 12:22:53,01/13/2026 23:00:01,daniel.salinas@northwindtel.com,Session expired error immediately after login - ,Daniel Salinas,Resolved - User Education,"Please advise the user: clear browsing history, try an incognito window. This error displays if accessing from outside the US.",4 - Low,BUS Sales Ordering and Digital Support,BOSS CPQ BBBF IT Support,BOSS CPQ BBBF IT Support,,1,Derek Okafor,Closed,,01/08/2026 23:34:32,Derek Okafor,Access/Login/Permission Issue,,,,False,,,"Marketing, Sales & Billing Applications",01/13/2026 23:00:01,Derek Okafor,4,,
INC0457081,01/07/2026 12:29:45,01/23/2026 10:14:09,rebecca.henderson@northwindtel.com,Session expired error immediately after login - ,Rebecca Henderson,Resolved - User Education,"Please advise the user: clear browsing history, try an incognito window. This error displays if accessing from outside the US.",4 - Low,BUS Sales Ordering and Digital Support,IT Enterprise Digital Portal,IT Northwind Mobile App,,2,Marisol Whitaker,Resolved,,01/23/2026 05:05:09,Marisol Whitaker,Access/Login/Permission Issue,,,,False,,,"Marketing, Sales & Billing Applications",,,4,,
INC0465101,01/07/2026 16:19:21,01/12/2026 17:00:01,deborah.figueroa@northwindtel.com,Discount no longer applied to customer - 7000012834,Deborah Figueroa,Resolved - User Education,User Education: MTM Discount does not extend past one year.,4 - Low,BUS Sales Ordering and Digital Support,IT Enterprise Digital Portal,IT Billing SAP BRIM Support,,2,Marisol Whitaker,Closed,,01/07/2026 17:20:49,Marisol Whitaker,Billing Issue,,,,False,,,"Marketing, Sales & Billing Applications",01/12/2026 17:00:01,Marisol Whitaker,4,,
INC0464012,01/08/2026 12:19:48,01/27/2026 22:00:17,jeffrey.chandler@northwindtel.com,Session expired error immediately after login - ,Jeffrey Chandler,Resolved - User Education,"Please advise the user: clear browsing history, try an incognito window. This error displays if accessing from outside the US.",4 - Low,BUS Sales Ordering and Digital Support,IT Enterprise Digital Portal,BOSS OM Enterprise Wholesale IT Support,,3,Derek Okafor,Closed,,01/22/2026 22:26:56,Derek Okafor,Access/Login/Permission Issue,,,,False,,,"Marketing, Sales & Billing Applications",01/27/2026 22:00:17,Derek Okafor,4,,
INC0463131,01/08/2026 18:02:43,01/16/2026 09:00:13,victor.baker@northwindtel.com,462136839 - Small Business,Victor Baker,Resolved - User Education,per HUB IT: Account was migrated and is available in the Business HUB. A new invite was sent to victor.baker@northwindtel.com.,4 - Low,BUS Sales Ordering and Digital Support,IT Enterprise Digital Portal,BOSS CPQ BBBF IT Support,,3,Derek Okafor,Closed,,01/11/2026 09:32:14,Derek Okafor,Access/Login/Permission Issue,,,,False,,,"Marketing, Sales & Billing Applications",01/16/2026 09:00:13,Derek Okafor,3,,
INC0463609,01/09/2026 10:16:38,01/30/2026 15:00:12,matthew.harrington@northwindtel.com,An account could not be found for the provided user id - ,Matthew Harrington,Resolved - User Education,per HUB IT: Account was migrated and is available in the Business HUB. A new invite was sent to matthew.harrington@northwindtel.com.,4 - Low,BUS Sales Ordering and Digital Support,IT Enterprise Digital Portal,BOSS OM Enterprise Wholesale IT Support,,1,Derek Okafor,Closed,,01/25/2026 15:27:40,Derek Okafor,Access/Login/Permission Issue,,,,False,,,"Marketing, Sales & Billing Applications",01/30/2026 15:00:12,Derek Okafor,3,,
INC0456444,01/09/2026 14:02:22,01/14/2026 18:00:02,steve.sanchez@northwindtel.com,Customer cannot sign in to the Business Hub since account was created - 7000011716,Steve Sanchez,Resolved - User Education,"Everything looks good on our end. The user completed their profile. If they still can't log in, ask the user to clear browser cache and try an incognito window.",4 - Low,BUS Sales Ordering and Digital Support,IT Enterprise Digital Portal,BOSS OM Enterprise Wholesale IT Support,,2,Marisol Whitaker,Closed,,01/09/2026 18:02:13,Marisol Whitaker,Access/Login/Permission Issue,,,,False,,,"Marketing, Sales & Billing Applications",01/14/2026 18:00:02,Marisol Whitaker,3,,
INC0461300,01/10/2026 11:41:23,01/15/2026 23:00:16,noah.rhodes@northwindtel.com,An account could not be found for the provided user id - ,Noah Rhodes,Resolved - User Education,per HUB IT: Account was migrated and is available in the Business HUB. A new invite was sent to noah.rhodes@northwindtel.com.,4 - Low,BUS Sales Ordering and Digital Support,IT Enterprise Digital Portal,IT Digital Account Management,,3,Derek Okafor,Closed,,01/10/2026 23:39:56,Derek Okafor,Access/Login/Permission Issue,,,,False,,,"Marketing, Sales & Billing Applications",01/15/2026 23:00:16,Derek Okafor,4,,
INC0465276,01/11/2026 08:49:05,01/24/2026 19:00:02,tracy.house@northwindtel.com,339558632 - Small Business,Tracy House,Resolved – Permanent Fix Applied,This BAN is now available in the HUB for this user.,4 - Low,BUS Sales Ordering and Digital Support,IT Enterprise Digital Portal,IT Enterprise Digital Portal,,1,Marisol Whitaker,Closed,,01/19/2026 19:15:10,Marisol Whitaker,Access/Login/Permission Issue,,,,False,,,"Marketing, Sales & Billing Applications",01/24/2026 19:00:02,Marisol Whitaker,2,,
INC0464810,01/13/2026 16:43:18,01/18/2026 23:00:03,denise.jones@northwindtel.com,Please re-enable create billing option for Order ID 5571527 - ,Denise Jones,Resolved - User Education,Per IT - Account setup has not been completed for this order. Account setup must be done before billing.,4 - Low,BUS Sales Ordering and Digital Support,IT Enterprise Digital Portal,BOSS CPQ BBBF IT Support,,2,Marisol Whitaker,Closed,,01/13/2026 23:27:14,Marisol Whitaker,Other,,,,False,,,"Marketing, Sales & Billing Applications",01/18/2026 23:00:03,Marisol Whitaker,4,,
INC0458349,01/14/2026 11:13:53,01/22/2026 07:00:09,ryan.munoz@northwindtel.com,Unable to process Premium Fiber MTM - 7000009095,Ryan Munoz,Resolved - User Education,User Education: MTM is not available for Premium Fiber.,4 - Low,BUS Sales Ordering and Digital Support,IT Enterprise Digital Portal,IT Enterprise Digital Portal,,0,Marisol Whitaker,Closed,,01/17/2026 07:24:21,Marisol Whitaker,Order Issue,,,,False,,,"Marketing, Sales & Billing Applications",01/22/2026 07:00:09,Marisol Whitaker,1,,
INC0456180,01/15/2026 07:47:53,01/24/2026 15:00:06,alyssa.day@northwindtel.com,Trying to upgrade to 2G on BAN 372477213 but no speeds available at location - ,Alyssa Day,Resolved - User Education,UE - Service Qualification. Per IT: No speeds returned from qualification for this address.,4 - Low,BUS Sales Ordering and Digital Support,BOSS CPQ BBBF IT Support,BOSS AD IT Support,,3,Derek Okafor,Closed,,01/19/2026 15:08:26,Derek Okafor,Order Issue,,,,False,,,"Marketing, Sales & Billing Applications",01/24/2026 15:00:06,Derek Okafor,4,,
INC0462962,01/16/2026 12:24:36,01/21/2026 15:00:06,anthony.humphrey@northwindtel.com,User locked out of Hub after password reset - 7000027687,Anthony Humphrey,Resolved - User Education,User Education: Account unlocks automatically after 30 minutes. Advised user to use 'Forgot Password' link once.,4 - Low,BUS Sales Ordering and Digital Support,IT Enterprise Digital Portal,BOSS OM IT Support,,1,Marisol Whitaker,Closed,,01/16/2026 15:42:55,Marisol Whitaker,Access/Login/Permission Issue,,,,False,,,"Marketing, Sales & Billing Applications",01/21/2026 15:00:06,Marisol Whitaker,3,,
INC0465336,01/17/2026 10:34:22,01/19/2026 21:23:15,john.whitehead@northwindtel.com,Unable to add additional admin user to Hub profile - 507396793,John Whitehead,Resolved - User Education,User Education: Only the primary admin can invite additional admins under User Management.,4 - Low,BUS Sales Ordering and Digital Support,IT Enterprise Digital Portal,Northwind POTS DSL Application,,2,Derek Okafor,Resolved,,01/19/2026 14:57:15,Derek Okafor,Access/Login/Permission Issue,,,,False,,,"Risk, Audit & Compliance Applications",,,3,,
INC0470947,01/18/2026 08:40:44,01/24/2026 22:00:12,Daniel.Salinas@northwindtel.com,No Welcome email - ,Daniel Salinas,Resolved - User Education,per HUB IT: Welcome email resent; user must check spam folder.,4 - Low,BUS Sales Ordering and Digital Support,IT Enterprise Digital Portal,BOSS OM Enterprise Wholesale IT Support,,1,Marisol Whitaker,Closed,,01/19/2026 22:14:26,Marisol Whitaker,Configuration Issue,,,,False,,,"Marketing, Sales & Billing Applications",01/24/2026 22:00:12,Marisol Whitaker,3,,
INC0472661,01/20/2026 10:23:31,02/09/2026 07:00:11,Lisa.Hensley@northwindtel.com,Unable to add additional admin user to Hub profile - 7000024140,Lisa Hensley,Resolved - User Education,User Education: Only the primary admin can invite additional admins under User Management.,4 - Low,BUS Sales Ordering and Digital Support,IT Enterprise Digital Portal,IT Digital Account Management,,3,Marisol Whitaker,Closed,,02/04/2026 07:54:34,Marisol Whitaker,Access/Login/Permission Issue,,,,False,,,"Marketing, Sales & Billing Applications",02/09/2026 07:00:11,Marisol Whitaker,5,,
INC0459170,01/20/2026 14:11:00,02/03/2026 19:00:08,Angela.Lopez@northwindtel.com,No access to the business portal. - 7000009295,Angela Lopez,Resolved – Permanent Fix Applied,This BAN is now available in the HUB for this user.,4 - Low,BUS Sales Ordering and Digital Support,IT Enterprise Digital Portal,BOSS CPQ BBBF IT Support,,2,Marisol Whitaker,Closed,,01/29/2026 19:30:12,Marisol Whitaker,Access/Login/Permission Issue,,,,False,,,"Marketing, Sales & Billing Applications",02/03/2026 19:00:08,Marisol Whitaker,2,,
INC0469857,01/21/2026 08:25:24,02/07/2026 01:00:15,ashley.waller@northwindtel.com,Customer not receiving verification codes - ,Ashley Waller,Resolved - No response from User,No response from user after 3 follow-up attempts. Closing ticket.,4 - Low,BUS Sales Ordering and Digital Support,IT Enterprise Digital Portal,BOSS CPQ Voice Plus IT Support,,2,Derek Okafor,Closed,,02/02/2026 01:16:36,Derek Okafor,Access/Login/Permission Issue,,,,False,,,"Marketing, Sales & Billing Applications",02/07/2026 01:00:15,Derek Okafor,4,,
INC0473881,01/21/2026 09:35:42,01/27/2026 12:00:09,Richard.Rodriguez@northwindtel.com,No access to the business portal. - 7000020614,Richard Rodriguez,Resolved - User Education,**MIGRATED TICKET FROM MASS MARKET SIDE TO HUB PORTAL** The user is now set up in the HUB Portal and is able to view their account.,4 - Low,BUS Sales Ordering and Digital Support,IT Enterprise Digital Portal,IT Digital Account Management,,1,Marisol Whitaker,Closed,,01/22/2026 12:59:23,Marisol Whitaker,Access/Login/Permission Issue,,,,False,,,"Marketing, Sales & Billing Applications",01/27/2026 12:00:09,Marisol Whitaker,3,,
INC0467535,01/21/2026 13:40:06,02/02/2026 06:00:17,brian.rodriguez@northwindtel.com,Unable to process Premium Fiber MTM - 471432700,Brian Rodriguez,Resolved - User Education,User Education: MTM is not available for Premium Fiber.,4 - Low,BUS Sales Ordering and Digital Support,IT Enterprise Digital Portal,Northwind POTS DSL Application,,4,Derek Okafor,Closed,,01/28/2026 06:42:41,Derek Okafor,Order Issue,,,,False,,,"Marketing, Sales & Billing Applications",02/02/2026 06:00:17,Derek Okafor,7,,
INC0455018,01/21/2026 16:41:53,02/07/2026 05:00:11,Jamie.Arnold@northwindtel.com,Customer cannot sign in to the Business Hub since account was created - 308394984,Jamie Arnold,Resolved - User Education,"Everything looks good on our end. The user completed their profile. If they still can't log in, ask the user to clear browser cache and try an incognito window.",4 - Low,BUS Sales Ordering and Digital Support,IT Enterprise Digital Portal,DIA IT Support,,2,Marisol Whitaker,Closed,,02/02/2026 05:21:37,Marisol Whitaker,Access/Login/Permission Issue,,,,False,,,"Marketing, Sales & Billing Applications",02/07/2026 05:00:11,Marisol Whitaker,3,,
INC0457625,01/22/2026 08:15:25,02/12/2026 09:00:02,Rebecca.Henderson@northwindtel.com,No access to the business portal. - 459287557,Rebecca Henderson,Resolved - User Education,**MIGRATED TICKET FROM MASS MARKET SIDE TO HUB PORTAL** The user is now set up in the HUB Portal and is able to view their account.,3 - Moderate,BUS Sales Ordering and Digital Support,IT Enterprise Digital Portal,BOSS OM Enterprise Wholesale IT Support,,3,Marisol Whitaker,Closed,,02/07/2026 09:21:03,Marisol Whitaker,Access/Login/Permission Issue,,,,False,,,"Marketing, Sales & Billing Applications",02/12/2026 09:00:02,Marisol Whitaker,4,,
INC0464482,01/22/2026 14:38:43,01/28/2026 01:00:17,Jason.Stein@northwindtel.com,Customer not receiving verification codes - ,Jason Stein,Resolved – Permanent Fix Applied,I disabled the account-based user. Please try again; the user should now be able to access the account.,4 - Low,BUS Sales Ordering and Digital Support,IT Enterprise Digital Portal,BOSS AD IT Support,,3,Marisol Whitaker,Closed,,01/23/2026 01:45:38,Marisol Whitaker,Access/Login/Permission Issue,,,,False,,,"Marketing, Sales & Billing Applications",01/28/2026 01:00:17,Marisol Whitaker,5,,
INC0461239,01/23/2026 10:10:17,02/11/2026 09:00:20,anthony.rodriguez@northwindtel.com,An account could not be found for the provided user id - ,Anthony Rodriguez,Resolved - User Education,per HUB IT: Account was migrated and is available in the Business HUB. A new invite was sent to anthony.rodriguez@northwindtel.com.,4 - Low,BUS Sales Ordering and Digital Support,IT Enterprise Digital Portal,BOSS OM Enterprise Wholesale IT Support,,4,Derek Okafor,Closed,,02/06/2026 09:43:54,Derek Okafor,Access/Login/Permission Issue,,,,False,,,"Marketing, Sales & Billing Applications",02/11/2026 09:00:20,Derek Okafor,8,,
INC0457400,01/23/2026 10:47:12,01/30/2026 05:00:06,carol.tucker@northwindtel.com,Customer not receiving verification codes - ,Carol Tucker,Resolved - User Education,per HUB IT: User is pending acceptance of T&C. User needs to accept T&C to receive the verification code.,4 - Low,BUS Sales Ordering and Digital Support,IT Enterprise Digital Portal,BOSS OM Enterprise Wholesale IT Support,,4,Derek Okafor,Closed,,01/25/2026 05:44:10,Derek Okafor,Access/Login/Permission Issue,,,,False,,,"Marketing, Sales & Billing Applications",01/30/2026 05:00:06,Derek Okafor,7,,
INC0463067,01/23/2026 14:57:39,01/29/2026 02:00:11,amy.silva@northwindtel.com,AMS ID is not pulling address in SNOW - ,Amy Silva,Resolved - User Education,Per IT - Zipcode was incorrectly entered; please retry with a valid zipcode. Screenshot attached.,4 - Low,BUS Sales Ordering and Digital Support,IT Enterprise Digital Portal,BOSS OM IT Support,,1,Marisol Whitaker,Closed,,01/24/2026 02:38:26,Marisol Whitaker,Application Issue,,,,False,,,"Marketing, Sales & Billing Applications",01/29/2026 02:00:11,Marisol Whitaker,2,,
INC0472669,01/25/2026 08:20:31,01/31/2026 10:00:14,John.Bishop@northwindtel.com,Customer cannot sign in to the Business Hub since account was created - 329612769,John Bishop,Resolved - User Education,"Everything looks good on our end. The user completed their profile. If they still can't log in, ask the user to clear browser cache and try an incognito window.",4 - Low,BUS Sales Ordering and Digital Support,BOSS CPQ Voice Plus IT Support,BOSS AD IT Support,,1,Marisol Whitaker,Closed,,01/26/2026 10:29:35,Marisol Whitaker,Access/Login/Permission Issue,,,,False,,,SAP Applications,01/31/2026 10:00:14,Marisol Whitaker,2,,
INC0456041,01/25/2026 09:30:33,02/04/2026 21:00:15,madison.poole@northwindtel.com,Customer not receiving verification codes - ,Madison Poole,Resolved - User Education,per HUB IT: User is pending acceptance of T&C. User needs to accept T&C to receive the verification code.,4 - Low,BUS Sales Ordering and Digital Support,IT Enterprise Digital Portal,BOSS OM IT Support,,1,Priya Raman,Closed,,01/30/2026 21:02:15,Priya Raman,Access/Login/Permission Issue,,,,False,,,"Marketing, Sales & Billing Applications",02/04/2026 21:00:15,Priya Raman,3,,
INC0465559,01/25/2026 17:36:03,01/31/2026 23:00:07,rodney.morales@northwindtel.com,Caller ID incorrect name displayed - 443672733,Rodney Morales,Resolved - User Education,"UE - Caller ID. Per IT: Change order was performed incorrectly, which is why Caller ID was not updated.",4 - Low,BUS Sales Ordering and Digital Support,IT Enterprise Digital Portal,BOSS OM Enterprise Wholesale IT Support,,2,Marisol Whitaker,Closed,,01/26/2026 23:12:27,Marisol Whitaker,Plan Change Issue,,,,False,,,"Marketing, Sales & Billing Applications",01/31/2026 23:00:07,Marisol Whitaker,3,,
INC0456423,01/26/2026 07:05:02,01/31/2026 14:00:13,cameron.fisher@northwindtel.com,Customer cannot sign in to the Business Hub since account was created - 455866109,Cameron Fisher,Resolved - User Education,"Everything looks good on our end. The user completed their profile. If they still can't log in, ask the user to clear browser cache and try an incognito window.",4 - Low,BUS Sales Ordering and Digital Support,BOSS CPQ Enterprise IT Support,BOSS CPQ Enterprise IT Support,,0,Marisol Whitaker,Closed,,01/26/2026 14:41:15,Marisol Whitaker,Access/Login/Permission Issue,,,,False,,,"Marketing, Sales & Billing Applications",01/31/2026 14:00:13,Marisol Whitaker,2,,
INC0473667,01/26/2026 16:28:10,01/31/2026 21:00:11,Melissa.Martinez@northwindtel.com,An account could not be found for the provided user id - ,Melissa Martinez,Resolved - User Education,per HUB IT: Account was migrated and is available in the Business HUB. A new invite was sent to Melissa.Martinez@northwindtel.com.,4 - Low,BUS Sales Ordering and Digital Support,DIA IT Support,BOSS AD IT Support,,1,Derek Okafor,Closed,,01/26/2026 21:57:47,Derek Okafor,Access/Login/Permission Issue,,,,False,,,"Marketing, Sales & Billing Applications",01/31/2026 21:00:11,Derek Okafor,3,,
INC0459400,01/26/2026 16:33:44,02/02/2026 15:00:11,Carol.Tucker@northwindtel.com,County of Porter SSR 37143 no billing found when I click disconnect - 7000025626,Carol Tucker,Resolved - User Education,Confirmed user placed disco order. User education. Will monitor.,4 - Low,BUS Sales Ordering and Digital Support,IT Enterprise Digital Portal,IT Digital Account Management,,4,Marisol Whitaker,Closed,,01/28/2026 15:45:13,Marisol Whitaker,Disconnecting a Customer/Service Issue,,,,False,,,"Marketing, Sales & Billing Applications",02/02/2026 15:00:11,Marisol Whitaker,6,,
INC0471758,01/26/2026 18:49:28,01/31/2026 20:00:15,aaron.wise@northwindtel.com,Customer not receiving verification codes - ,Aaron Wise,Resolved – Permanent Fix Applied,I disabled the account-based user. Please try again; the user should now be able to access the account.,4 - Low,BUS Sales Ordering and Digital Support,IT Enterprise Digital Portal,BOSS CPQ BBBF IT Support,,1,Marisol Whitaker,Closed,,01/26/2026 20:07:00,Marisol Whitaker,Access/Login/Permission Issue,,,,False,,,"Marketing, Sales & Billing Applications",01/31/2026 20:00:15,Marisol Whitaker,2,,
INC0470488,01/28/2026 09:53:23,02/05/2026 18:00:03,Pamela.Boyd@northwindtel.com,Unable to add additional admin user to Hub profile - 7000018640,Pamela Boyd,Resolved - User Education,User Education: Only the primary admin can invite additional admins under User Management.,4 - Low,BUS Sales Ordering and Digital Support,IT Enterprise Digital Portal,BOSS OM Enterprise Wholesale IT Support,,4,Marisol Whitaker,Closed,,01/31/2026 18:42:46,Marisol Whitaker,Access/Login/Permission Issue,,,,False,,,"Marketing, Sales & Billing Applications",02/05/2026 18:00:03,Marisol Whitaker,7,,
INC0468056,01/28/2026 09:54:15,02/02/2026 11:00:01,Brent.Jordan@northwindtel.com,Customer gets 'no ID for the provided email could be found' when logging in - 7000025538,Brent Jordan,Resolved - User Education,User Education: Customer was using the residential portal. Directed to the Business Hub login page.,4 - Low,BUS Sales Ordering and Digital Support,BOSS CPQ BBBF IT Support,IT Digital Account Management,,2,Marisol Whitaker,Closed,,01/28/2026 11:34:11,Marisol Whitaker,Access/Login/Permission Issue,,,,False,,,"Marketing, Sales & Billing Applications",02/02/2026 11:00:01,Marisol Whitaker,3,,
INC0467433,01/29/2026 07:06:40,02/03/2026 13:00:00,denise.mccann@northwindtel.com,Customer not receiving verification codes - ,Denise Mccann,Resolved - User Education,per HUB IT: User is pending acceptance of T&C. User needs to accept T&C to receive the verification code.,4 - Low,BUS Sales Ordering and Digital Support,BOSS CPQ Voice Plus IT Support,DIA IT Support,,1,Priya Raman,Closed,,01/29/2026 13:26:49,Priya Raman,Access/Login/Permission Issue,,,,False,,,"Marketing, Sales & Billing Applications",02/03/2026 13:00:00,Priya Raman,1,,
INC0458779,01/29/2026 12:29:44,02/03/2026 20:00:17,jonathan.peterson@northwindtel.com,UPDATE PACKAGE TYPE TO ADVANCED - ,Jonathan Peterson,Resolved - User Education,User Education: Changing from Enhanced to Advanced requires an upgrade of the primary site.,4 - Low,BUS Sales Ordering and Digital Support,IT Enterprise Digital Portal,IT Northwind Mobile App,,2,Marisol Whitaker,Closed,,01/29/2026 20:25:33,Marisol Whitaker,Data Issue,,,,False,,,"Marketing, Sales & Billing Applications",02/03/2026 20:00:17,Marisol Whitaker,4,,
INC0458580,01/29/2026 15:04:58,02/03/2026 15:00:18,david.martinez@northwindtel.com,Customer cannot sign in to the Business Hub since account was created - 334303299,David Martinez,Resolved - User Education,"Everything looks good on our end. The user completed their profile. If they still can't log in, ask the user to clear browser cache and try an incognito window.",4 - Low,BUS Sales Ordering and Digital Support,IT Enterprise Digital Portal,BOSS CPQ BBBF IT Support,,1,Derek Okafor,Closed,,01/29/2026 15:43:48,Derek Okafor,Access/Login/Permission Issue,,,,False,,,"Marketing, Sales & Billing Applications",02/03/2026 15:00:18,Derek Okafor,2,,
INC0465171,01/31/2026 07:30:11,02/19/2026 20:00:11,judy.baker@northwindtel.com,Customer cannot sign in to the Business Hub since account was created - 7000009833,Judy Baker,Resolved - User Education,"Everything looks good on our end. The user completed their profile. If they still can't log in, ask the user to clear browser cache and try an incognito window.",4 - Low,BUS Sales Ordering and Digital Support,IT Enterprise Digital Portal,IT Enterprise Digital Portal,,0,Marisol Whitaker,Closed,,02/14/2026 20:11:50,Marisol Whitaker,Access/Login/Permission Issue,,,,False,,,"Marketing, Sales & Billing Applications",02/19/2026 20:00:11,Marisol Whitaker,6,,
INC0464617,01/31/2026 09:24:40,02/10/2026 09:00:02,karen.graham@northwindtel.com,Customer cannot sign in to the Business Hub since account was created - 343431547,Karen Graham,Resolved - User Education,"Everything looks good on our end. The user completed their profile. If they still can't log in, ask the user to clear browser cache and try an incognito window.",4 - Low,BUS Sales Ordering and Digital Support,IT Enterprise Digital Portal,BOSS CPQ BBBF IT Support,,1,Marisol Whitaker,Closed,,02/05/2026 09:04:43,Marisol Whitaker,Access/Login/Permission Issue,,,,False,,,"Marketing, Sales & Billing Applications",02/10/2026 09:00:02,Marisol Whitaker,5,,
INC0456863,01/31/2026 09:54:31,02/05/2026 15:00:17,michelle.evans@northwindtel.com,An account could not be found for the provided user id - ,Michelle Evans,Resolved - User Education,per HUB IT: Account was migrated and is available in the Business HUB. A new invite was sent to michelle.evans@northwindtel.com.,4 - Low,BUS Sales Ordering and Digital Support,IT Enterprise Digital Portal,BOSS OM IT Support,,1,Marisol Whitaker,Closed,,01/31/2026 15:48:34,Marisol Whitaker,Access/Login/Permission Issue,,,,False,,,"Marketing, Sales & Billing Applications",02/05/2026 15:00:17,Marisol Whitaker,3,,
INC0470303,01/31/2026 12:59:15,02/16/2026 19:00:19,angela.vaughn@northwindtel.com,An account could not be found for the provided user id - ,Angela Vaughn,Resolved - User Education,per HUB IT: Account was migrated and is available in the Business HUB. A new invite was sent to angela.vaughn@northwindtel.com.,4 - Low,BUS Sales Ordering and Digital Support,IT Enterprise Digital Portal,BOSS AD IT Support,,2,Marisol Whitaker,Closed,,02/11/2026 19:52:41,Marisol Whitaker,Access/Login/Permission Issue,,,,False,,,"Marketing, Sales & Billing Applications",02/16/2026 19:00:19,Marisol Whitaker,5,,
INC0459286,01/31/2026 16:30:42,02/12/2026 08:00:07,Margaret.DDS@northwindtel.com,No Welcome email - ,Margaret Hawkins DDS,Resolved - User Education,per HUB IT: Welcome email resent; user must check spam folder.,4 - Low,BUS Sales Ordering and Digital Support,BOSS CPQ Voice Plus IT Support,BOSS OM Enterprise Wholesale IT Support,,2,Marisol Whitaker,Closed,,02/07/2026 08:48:12,Marisol Whitaker,Configuration Issue,,,,False,,,"Marketing, Sales & Billing Applications",02/12/2026 08:00:07,Marisol Whitaker,3,,
INC0472130,01/31/2026 17:15:52,02/17/2026 14:00:11,anthony.humphrey@northwindtel.com,Please re-enable create billing option for Order ID 5517512 - ,Anthony Humphrey,Resolved - User Education,Per IT - Account setup has not been completed for this order. Account setup must be done before billing.,4 - Low,BUS Sales Ordering and Digital Support,BOSS CPQ Enterprise IT Support,BOSS OM Enterprise Wholesale IT Support,,3,Marisol Whitaker,Closed,,02/12/2026 14:01:12,Marisol Whitaker,Other,,,,False,,,"Marketing, Sales & Billing Applications",02/17/2026 14:00:11,Marisol Whitaker,5,,
INC0465688,01/31/2026 17:53:44,02/05/2026 19:00:04,paula.moreno@northwindtel.com,Trying to upgrade to 2G on BAN 369995804 but no speeds available at location - ,Paula Moreno,Resolved - User Education,UE - Service Qualification. Per IT: No speeds returned from qualification for this address.,4 - Low,BUS Sales Ordering and Digital Support,IT Enterprise Digital Portal,IT Digital Account Management,,1,Marisol Whitaker,Closed,,01/31/2026 19:55:55,Marisol Whitaker,Order Issue,,,,False,,,"Marketing, Sales & Billing Applications",02/05/2026 19:00:04,Marisol Whitaker,3,,
INC0472671,02/01/2026 07:45:35,02/06/2026 14:00:18,ethan.adams@northwindtel.com,User locked out of Hub after password reset - 437015866,Ethan Adams,Resolved - User Education,User Education: Account unlocks automatically after 30 minutes. Advised user to use 'Forgot Password' link once.,4 - Low,BUS Sales Ordering and Digital Support,IT Enterprise Digital Portal,BOSS OM IT Support,,1,Marisol Whitaker,Closed,,02/01/2026 14:22:46,Marisol Whitaker,Access/Login/Permission Issue,,,,False,,,"Marketing, Sales & Billing Applications",02/06/2026 14:00:18,Marisol Whitaker,2,,
INC0457806,02/01/2026 18:33:57,02/15/2026 22:00:05,joshua.blair@northwindtel.com,No access to the business portal. - 7000018737,Joshua Blair,Resolved - User Education,**MIGRATED TICKET FROM MASS MARKET SIDE TO HUB PORTAL** The user is now set up in the HUB Portal and is able to view their account.,4 - Low,BUS Sales Ordering and Digital Support,IT Enterprise Digital Portal,BOSS OM Enterprise Wholesale IT Support,,3,Marisol Whitaker,Closed,,02/10/2026 22:43:22,Marisol Whitaker,Access/Login/Permission Issue,,,,False,,,"Marketing, Sales & Billing Applications",02/15/2026 22:00:05,Marisol Whitaker,6,,
INC0459120,02/03/2026 08:36:46,02/12/2026 13:00:09,debra.davidson@northwindtel.com,Unable to add additional admin user to Hub profile - 7000034540,Debra Davidson,Resolved - User Education,User Education: Only the primary admin can invite additional admins under User Management.,4 - Low,BUS Sales Ordering and Digital Support,IT Enterprise Digital Portal,Northwind POTS DSL Application,,2,Marisol Whitaker,Closed,,02/07/2026 13:22:06,Marisol Whitaker,Access/Login/Permission Issue,,,,False,,,"Marketing, Sales & Billing Applications",02/12/2026 13:00:09,Marisol Whitaker,4,,
INC0473893,02/03/2026 13:49:36,02/20/2026 03:00:00,john.whitehead@northwindtel.com,"483694840 upgrade to 2G not allowed, shows no packages available - 483694840",John Whitehead,Resolved - User Education,"User Education - the agent removed the term from the quote, which prevented selecting new products.",4 - Low,BUS Sales Ordering and Digital Support,DIA IT Support,IT Digital Account Management,,3,Marisol Whitaker,Closed,,02/15/2026 03:54:16,Marisol Whitaker,Other,,,,False,,,"Marketing, Sales & Billing Applications",02/20/2026 03:00:00,Marisol Whitaker,4,,
INC0462540,02/04/2026 11:08:07,02/11/2026 00:00:09,debra.davidson@northwindtel.com,User locked out of Hub after password reset - 396258319,Debra Davidson,Resolved - User Education,User Education: Account unlocks automatically after 30 minutes. Advised user to use 'Forgot Password' link once.,4 - Low,BUS Sales Ordering and Digital Support,IT Enterprise Digital Portal,Northwind POTS DSL Application,,2,Marisol Whitaker,Closed,,02/06/2026 00:29:03,Marisol Whitaker,Access/Login/Permission Issue,,,,False,,,"Marketing, Sales & Billing Applications",02/11/2026 00:00:09,Marisol Whitaker,4,,
INC0466078,02/06/2026 10:27:21,02/14/2026 09:00:18,william.herrera@northwindtel.com,Customer cannot sign in to the Business Hub since account was created - 317168490,William Herrera,Resolved - User Education,"Everything looks good on our end. The user completed their profile. If they still can't log in, ask the user to clear browser cache and try an incognito window.",4 - Low,BUS Sales Ordering and Digital Support,DIA IT Support,BOSS OM Enterprise Wholesale IT Support,,1,Marisol Whitaker,Closed,,02/09/2026 09:18:58,Marisol Whitaker,Access/Login/Permission Issue,,,,False,,,"Marketing, Sales & Billing Applications",02/14/2026 09:00:18,Marisol Whitaker,2,,
INC0455013,02/07/2026 08:16:56,02/12/2026 15:00:04,lindsey.walker@northwindtel.com,User locked out of Hub after password reset - 7000018278,Lindsey Walker,Resolved - User Education,User Education: Account unlocks automatically after 30 minutes. Advised user to use 'Forgot Password' link once.,4 - Low,BUS Sales Ordering and Digital Support,IT Enterprise Digital Portal,IT Digital Account Management,,1,Marisol Whitaker,Closed,,02/07/2026 15:53:12,Marisol Whitaker,Access/Login/Permission Issue,,,,False,,,"Marketing, Sales & Billing Applications",02/12/2026 15:00:04,Marisol Whitaker,7,,
INC0462223,02/07/2026 09:17:39,02/19/2026 19:00:14,alex.hernandez@northwindtel.com,Order Id 5585814 - Change Billing says no product found - ,Alex Hernandez,Resolved - User Education,Per IT - The given BAN 419067856 does not have contracts. Please correct to a valid BAN and try again.,4 - Low,BUS Sales Ordering and Digital Support,BOSS CPQ BBBF IT Support,BOSS OM Enterprise Wholesale IT Support,,1,Marisol Whitaker,Closed,,02/14/2026 19:57:17,Marisol Whitaker,Application Issue,,,,False,,,"Marketing, Sales & Billing Applications",02/19/2026 19:00:14,Marisol Whitaker,2,,
INC0461456,02/07/2026 09:36:51,02/11/2026 16:10:56,Elizabeth.Kelley@northwindtel.com,Phone disconnected by mistake (643) 387-2205 - 334500888,Elizabeth Kelley,Resolved - User Education,Resolved per the notes - unclear how disconnect was initiated; service was restored.,4 - Low,BUS Sales Ordering and Digital Support,IT Enterprise Digital Portal,IT Digital Account Management,,2,Derek Okafor,Resolved,,02/11/2026 10:20:56,Derek Okafor,Order Issue,,,,False,,,"Marketing, Sales & Billing Applications",,,3,,
INC0461887,02/07/2026 15:05:45,02/13/2026 08:00:08,paula.moreno@northwindtel.com,Returned VOIP phone still being charged - 7000004918,Paula Moreno,Resolved - User Education,User Education: Devices cannot be removed unless returned within 30 days in new condition.,4 - Low,BUS Sales Ordering and Digital Support,BOSS CPQ Enterprise IT Support,BOSS OM Enterprise Wholesale IT Support,,2,Marisol Whitaker,Closed,,02/08/2026 08:24:42,Marisol Whitaker,Billing Issue,,,,False,,,"Marketing, Sales & Billing Applications",02/13/2026 08:00:08,Marisol Whitaker,3,,
INC0457292,02/07/2026 16:16:46,02/14/2026 05:00:09,margaret.dds@northwindtel.com,Customer not receiving verification codes - ,Margaret Hawkins DDS,Resolved – Permanent Fix Applied,I disabled the account-based user. Please try again; the user should now be able to access the account.,4 - Low,BUS Sales Ordering and Digital Support,BOSS CPQ Voice Plus IT Support,BOSS OM Enterprise Wholesale IT Support,,1,Marisol Whitaker,Closed,,02/09/2026 05:07:47,Marisol Whitaker,Access/Login/Permission Issue,,,,False,,,"Marketing, Sales & Billing Applications",02/14/2026 05:00:09,Marisol Whitaker,4,,
INC0464347,02/09/2026 13:18:13,02/14/2026 15:00:00,tommy.walter@northwindtel.com,Customer gets 'no ID for the provided email could be found' when logging in - 7000002101,Tommy Walter,Resolved - User Education,User Education: Customer was using the residential portal. Directed to the Business Hub login page.,4 - Low,BUS Sales Ordering and Digital Support,IT Enterprise Digital Portal,BOSS OM Enterprise Wholesale IT Support,,3,Marisol Whitaker,Closed,,02/09/2026 15:23:52,Marisol Whitaker,Access/Login/Permission Issue,,,,False,,,"Marketing, Sales & Billing Applications",02/14/2026 15:00:00,Marisol Whitaker,4,,
INC0462361,02/10/2026 16:18:08,02/22/2026 05:00:16,elizabeth.perkins@northwindtel.com,Unable to process Premium Fiber MTM - 7000007047,Elizabeth Perkins,Resolved - User Education,User Education: MTM is not available for Premium Fiber.,4 - Low,BUS Sales Ordering and Digital Support,IT Enterprise Digital Portal,BOSS OM Enterprise Wholesale IT Support,,2,Marisol Whitaker,Closed,,02/17/2026 05:34:35,Marisol Whitaker,Order Issue,,,,False,,,"Marketing, Sales & Billing Applications",02/22/2026 05:00:16,Marisol Whitaker,3,,
INC0461967,02/11/2026 12:45:42,02/16/2026 16:00:13,David.Martinez@northwindtel.com,305882199 - Small Business,David Martinez,Resolved - User Education,per HUB IT: Account was migrated and is available in the Business HUB. A new invite was sent to David.Martinez@northwindtel.com.,4 - Low,BUS Sales Ordering and Digital Support,IT Enterprise Digital Portal,BOSS OM Enterprise Wholesale IT Support,,4,Marisol Whitaker,Closed,,02/11/2026 16:06:27,Marisol Whitaker,Access/Login/Permission Issue,,,,False,,,"Marketing, Sales & Billing Applications",02/16/2026 16:00:13,Marisol Whitaker,5,,
INC0473521,02/12/2026 09:28:48,02/25/2026 17:00:05,amy.silva@northwindtel.com,7000012464 - Small Business,Amy Silva,Resolved - User Education,per HUB IT: Account was migrated and is available in the Business HUB. A new invite was sent to amy.silva@northwindtel.com.,4 - Low,BUS Sales Ordering and Digital Support,IT Enterprise Digital Portal,BOSS OM Enterprise Wholesale IT Support,,2,Marisol Whitaker,Closed,,02/20/2026 17:28:51,Marisol Whitaker,Access/Login/Permission Issue,,,,False,,,"Marketing, Sales & Billing Applications",02/25/2026 17:00:05,Marisol Whitaker,3,,
INC0457377,02/12/2026 09:36:40,02/17/2026 23:00:02,shirley.suarez@northwindtel.com,7000002622 - Small Business,Shirley Suarez,Resolved - User Education,per HUB IT: Account was migrated and is available in the Business HUB. A new invite was sent to shirley.suarez@northwindtel.com.,4 - Low,BUS Sales Ordering and Digital Support,IT Enterprise Digital Portal,BOSS OM Enterprise Wholesale IT Support,,1,Marisol Whitaker,Closed,,02/12/2026 23:50:42,Marisol Whitaker,Access/Login/Permission Issue,,,,False,,,"Marketing, Sales & Billing Applications",02/17/2026 23:00:02,Marisol Whitaker,2,,
INC0474626,02/13/2026 10:33:06,02/18/2026 11:00:07,Joseph.Coleman@northwindtel.com,371354341 can not download invoice - 371354341,Joseph Coleman,Resolved - User Education,IT was able to download. Advise customer to clear browsing history. Invoice attached.,4 - Low,BUS Sales Ordering and Digital Support,IT Enterprise Digital Portal,Northwind POTS DSL Application,,3,Marisol Whitaker,Closed,,02/13/2026 11:37:51,Marisol Whitaker,Billing Issue,,,,False,,,"Marketing, Sales & Billing Applications",02/18/2026 11:00:07,Marisol Whitaker,5,,
INC0462798,02/13/2026 15:12:49,02/18/2026 20:00:10,brian.rodriguez@northwindtel.com,Discount no longer applied to customer - 412612432,Brian Rodriguez,Resolved - User Education,User Education: MTM Discount does not extend past one year.,4 - Low,BUS Sales Ordering and Digital Support,IT Enterprise Digital Portal,IT Digital Account Management,,2,Derek Okafor,Closed,,02/13/2026 20:20:57,Derek Okafor,Billing Issue,,,,False,,,"Marketing, Sales & Billing Applications",02/18/2026 20:00:10,Derek Okafor,3,,
INC0456643,02/14/2026 11:05:24,02/19/2026 12:00:03,karen.graham@northwindtel.com,No access to the business portal. - 7000026790,Karen Graham,Resolved - User Education,**MIGRATED TICKET FROM MASS MARKET SIDE TO HUB PORTAL** The user is now set up in the HUB Portal and is able to view their account.,4 - Low,BUS Sales Ordering and Digital Support,DIA IT Support,IT Digital Account Management,,1,Marisol Whitaker,Closed,,02/14/2026 12:21:00,Marisol Whitaker,Access/Login/Permission Issue,,,,False,,,"Marketing, Sales & Billing Applications",02/19/2026 12:00:03,Marisol Whitaker,2,,
INC0455689,02/15/2026 07:00:11,02/22/2026 12:00:15,julia.torres@northwindtel.com,Unable to reschedule wholesale orders in CPQ - ,Julia Torres,Resolved - User Education,User Education - Wholesale rescheduling automation.,4 - Low,BUS Sales Ordering and Digital Support,IT Enterprise Digital Portal,Northwind POTS DSL Application,,1,Marisol Whitaker,Closed,,02/17/2026 12:14:04,Marisol Whitaker,Other,,,,False,,,"Marketing, Sales & Billing Applications",02/22/2026 12:00:15,Marisol Whitaker,2,,
INC0457279,02/15/2026 15:28:33,02/20/2026 21:00:16,anna.henderson@northwindtel.com,No Welcome email - ,Anna Henderson,Resolved - User Education,per HUB IT: Welcome email resent; user must check spam folder.,4 - Low,BUS Sales Ordering and Digital Support,IT Enterprise Digital Portal,IT Enterprise Digital Portal,,1,Marisol Whitaker,Closed,,02/15/2026 21:11:41,Marisol Whitaker,Configuration Issue,,,,False,,,"Marketing, Sales & Billing Applications",02/20/2026 21:00:16,Marisol Whitaker,4,,
INC0464840,02/15/2026 15:31:29,02/23/2026 08:00:12,erin.edwards@northwindtel.com,An account could not be found for the provided user id - ,Erin Edwards,Resolved - User Education,per HUB IT: Account was migrated and is available in the Business HUB. A new invite was sent to erin.edwards@northwindtel.com.,4 - Low,BUS Sales Ordering and Digital Support,IT Enterprise Digital Portal,BOSS OM Enterprise Wholesale IT Support,,2,Marisol Whitaker,Closed,,02/18/2026 08:32:34,Marisol Whitaker,Access/Login/Permission Issue,,,,False,,,"Marketing, Sales & Billing Applications",02/23/2026 08:00:12,Marisol Whitaker,3,,
INC0458486,02/16/2026 08:16:39,02/23/2026 10:00:09,mark.perez@northwindtel.com,Customer wants to disconnect Inside Wire Protection and Business Voicemail - 317124141,Mark Perez,Resolved - User Education,"UE - MAC Process. Per IT: Deactivate features in service location, do not remove them.",4 - Low,BUS Sales Ordering and Digital Support,IT Enterprise Digital Portal,IT Enterprise Digital Portal,,0,Marisol Whitaker,Closed,,02/18/2026 10:11:12,Marisol Whitaker,Customer Account Issue,,,,False,,,"Marketing, Sales & Billing Applications",02/23/2026 10:00:09,Marisol Whitaker,1,,
INC0463748,02/17/2026 08:49:15,02/22/2026 14:00:20,lisa.jackson@northwindtel.com,Customer not receiving verification codes - ,Lisa Jackson,Resolved - User Education,per HUB IT: User is pending acceptance of T&C. User needs to accept T&C to receive the verification code.,4 - Low,BUS Sales Ordering and Digital Support,IT Enterprise Digital Portal,BOSS CPQ Voice Plus IT Support,,1,Marisol Whitaker,Closed,,02/17/2026 14:11:03,Marisol Whitaker,Access/Login/Permission Issue,,,,False,,,"Marketing, Sales & Billing Applications",02/22/2026 14:00:20,Marisol Whitaker,3,,
INC0458039,02/17/2026 15:23:04,03/08/2026 09:00:12,ashley.barton@northwindtel.com,An account could not be found for the provided user id - ,Ashley Barton,Resolved - User Education,per HUB IT: Account was migrated and is available in the Business HUB. A new invite was sent to ashley.barton@northwindtel.com.,4 - Low,BUS Sales Ordering and Digital Support,IT Enterprise Digital Portal,IT Enterprise Digital Portal,,0,Derek Okafor,Closed,,03/03/2026 09:19:39,Derek Okafor,Access/Login/Permission Issue,,,,False,,,"Marketing, Sales & Billing Applications",03/08/2026 09:00:12,Derek Okafor,1,,
INC0458208,02/17/2026 15:38:20,02/22/2026 19:00:05,rebecca.henderson@northwindtel.com,No access to the business portal. - 305093183,Rebecca Henderson,Resolved - User Education,**MIGRATED TICKET FROM MASS MARKET SIDE TO HUB PORTAL** The user is now set up in the HUB Portal and is able to view their account.,4 - Low,BUS Sales Ordering and Digital Support,IT Enterprise Digital Portal,BOSS OM Enterprise Wholesale IT Support,,3,Marisol Whitaker,Closed,,02/17/2026 19:01:57,Marisol Whitaker,Access/Login/Permission Issue,,,,False,,,"Marketing, Sales & Billing Applications",02/22/2026 19:00:05,Marisol Whitaker,4,,
INC0472290,02/18/2026 13:25:11,03/07/2026 03:00:19,shirley.suarez@northwindtel.com,Link account to customer business hub - 307782664,Shirley Suarez,Resolved - User Education,User Education: Customer can add the BAN themselves under My Profile > Linked Accounts.,4 - Low,BUS Sales Ordering and Digital Support,IT Enterprise Digital Portal,BOSS CPQ BBBF IT Support,,1,Marisol Whitaker,Closed,,03/02/2026 03:53:09,Marisol Whitaker,Access/Login/Permission Issue,,,,False,,,"Marketing, Sales & Billing Applications",03/07/2026 03:00:19,Marisol Whitaker,3,,
INC0464861,02/18/2026 14:16:34,03/09/2026 22:00:14,evelyn.galvan@northwindtel.com,Unable to add Voice+ service - N/A,Evelyn Galvan,Resolved - User Education,User Education - BrightQuote is only available for fiber orders. Add Voice+ in CPQ once done with the fiber portion.,4 - Low,BUS Sales Ordering and Digital Support,IT Enterprise Digital Portal,BOSS AD IT Support,,1,Marisol Whitaker,Closed,,03/04/2026 22:43:21,Marisol Whitaker,Order Issue,,,,False,,,"Marketing, Sales & Billing Applications",03/09/2026 22:00:14,Marisol Whitaker,2,,
INC0471477,02/19/2026 08:27:45,02/27/2026 03:00:07,Anthony.Humphrey@northwindtel.com,Caller ID incorrect name displayed - 429431133,Anthony Humphrey,Resolved - User Education,"UE - Caller ID. Per IT: Change order was performed incorrectly, which is why Caller ID was not updated.",4 - Low,BUS Sales Ordering and Digital Support,DIA IT Support,IT Digital Account Management,,2,Marisol Whitaker,Closed,,02/22/2026 03:55:07,Marisol Whitaker,Plan Change Issue,,,,False,,,"Marketing, Sales & Billing Applications",02/27/2026 03:00:07,Marisol Whitaker,4,,
INC0473394,02/19/2026 10:28:13,03/06/2026 01:00:01,Judy.Baker@northwindtel.com,Profile tab shows wrong BAN numbers - 7000029039,Judy Baker,Resolved - User Education,per HUB IT: User was looking at User Management; account details display under My Accounts.,4 - Low,BUS Sales Ordering and Digital Support,IT Enterprise Digital Portal,BOSS AD IT Support,,1,Marisol Whitaker,Closed,,03/01/2026 01:22:23,Marisol Whitaker,Application Issue,,,,False,,,"Marketing, Sales & Billing Applications",03/06/2026 01:00:01,Marisol Whitaker,3,,
INC0468879,02/19/2026 14:12:16,02/25/2026 09:00:04,john.pierce@northwindtel.com,User locked out of Hub after password reset - 453113050,John Pierce,Resolved - User Education,User Education: Account unlocks automatically after 30 minutes. Advised user to use 'Forgot Password' link once.,4 - Low,BUS Sales Ordering and Digital Support,DIA IT Support,BOSS OM Enterprise Wholesale IT Support,,1,Marisol Whitaker,Closed,,02/20/2026 09:00:17,Marisol Whitaker,Access/Login/Permission Issue,,,,False,,,"Marketing, Sales & Billing Applications",02/25/2026 09:00:04,Marisol Whitaker,3,,
INC0472856,02/20/2026 17:13:41,02/28/2026 15:00:04,Angel.Perry@northwindtel.com,UI not advancing to create order package in QUO0153538 - pls advise - ,Angel Perry,Resolved - User Education,User Education - LOA - Wrong file type name used.,4 - Low,BUS Sales Ordering and Digital Support,BOSS CPQ BBBF IT Support,Northwind POTS DSL Application,,1,Marisol Whitaker,Closed,,02/23/2026 15:22:40,Marisol Whitaker,Functionality Issue,,,,False,,,"Marketing, Sales & Billing Applications",02/28/2026 15:00:04,Marisol Whitaker,4,,Mid-Market & Small Business Sales
INC0459340,02/21/2026 07:27:00,03/01/2026 16:00:02,megan.orr@northwindtel.com,Unable to reschedule wholesale orders in CPQ - ,Megan Orr,Resolved - User Education,User Education - Wholesale rescheduling automation.,4 - Low,BUS Sales Ordering and Digital Support,IT Enterprise Digital Portal,IT Enterprise Digital Portal,,0,Marisol Whitaker,Closed,,02/24/2026 16:34:27,Marisol Whitaker,Other,,,,False,,,"Marketing, Sales & Billing Applications",03/01/2026 16:00:02,Marisol Whitaker,1,,
INC0469719,02/21/2026 13:06:47,03/09/2026 03:00:17,kelly.donovan@northwindtel.com,Customer cannot sign in to the Business Hub since account was created - 7000010003,Kelly Donovan,Resolved - User Education,"Everything looks good on our end. The user completed their profile. If they still can't log in, ask the user to clear browser cache and try an incognito window.",4 - Low,BUS Sales Ordering and Digital Support,IT Enterprise Digital Portal,IT Enterprise Digital Portal,,0,Marisol Whitaker,Closed,,03/04/2026 03:36:09,Marisol Whitaker,Access/Login/Permission Issue,,,,False,,,"Marketing, Sales & Billing Applications",03/09/2026 03:00:17,Marisol Whitaker,1,,
INC0470498,02/22/2026 16:21:17,02/27/2026 17:00:02,shannon.jones@northwindtel.com,Session expired error immediately after login - ,Shannon Jones,Resolved - User Education,"Please advise the user: clear browsing history, try an incognito window. This error displays if accessing from outside the US.",4 - Low,BUS Sales Ordering and Digital Support,BOSS CPQ BBBF IT Support,BOSS AD IT Support,,1,Marisol Whitaker,Closed,,02/22/2026 17:10:21,Marisol Whitaker,Access/Login/Permission Issue,,,,False,,,"Marketing, Sales & Billing Applications",02/27/2026 17:00:02,Marisol Whitaker,2,,
INC0467504,02/23/2026 09:49:34,03/06/2026 06:00:13,Dustin.Jordan@northwindtel.com,Phone disconnected by mistake (765) 801-8569 - 311771340,Dustin Jordan,Resolved - User Education,Resolved per the notes - unclear how disconnect was initiated; service was restored.,4 - Low,BUS Sales Ordering and Digital Support,BOSS CPQ BBBF IT Support,BOSS CPQ Enterprise IT Support,,1,Derek Okafor,Closed,,03/01/2026 06:57:44,Derek Okafor,Order Issue,,,,False,,,"Marketing, Sales & Billing Applications",03/06/2026 06:00:13,Derek Okafor,2,,
INC0468510,02/23/2026 10:14:01,03/11/2026 18:00:14,mark.perez@northwindtel.com,Customer not receiving verification codes - ,Mark Perez,Resolved - User Education,per HUB IT: User is pending acceptance of T&C. User needs to accept T&C to receive the verification code.,4 - Low,BUS Sales Ordering and Digital Support,IT Enterprise Digital Portal,BOSS OM IT Support,,2,Marisol Whitaker,Closed,,03/06/2026 18:46:05,Marisol Whitaker,Access/Login/Permission Issue,,,,False,,,"Marketing, Sales & Billing Applications",03/11/2026 18:00:14,Marisol Whitaker,3,,
INC0471750,02/25/2026 11:52:50,03/03/2026 03:00:04,Larry.Dixon@northwindtel.com,Session expired error immediately after login - ,Larry Dixon,Resolved - User Education,"Please advise the user: clear browsing history, try an incognito window. This error displays if accessing from outside the US.",4 - Low,BUS Sales Ordering and Digital Support,BOSS CPQ BBBF IT Support,BOSS OM IT Support,,1,Marisol Whitaker,Closed,,02/26/2026 03:49:31,Marisol Whitaker,Access/Login/Permission Issue,,,,False,,,"Marketing, Sales & Billing Applications",03/03/2026 03:00:04,Marisol Whitaker,4,,
INC0470773,02/25/2026 12:41:43,03/02/2026 19:00:00,Melissa.Gates@northwindtel.com,Customer cannot sign in to the Business Hub since account was created - 7000000695,Melissa Gates,Resolved - User Education,"Everything looks good on our end. The user completed their profile. If they still can't log in, ask the user to clear browser cache and try an incognito window.",4 - Low,BUS Sales Ordering and Digital Support,BOSS CPQ BBBF IT Support,BOSS CPQ BBBF IT Support,,0,Marisol Whitaker,Closed,,02/25/2026 19:01:25,Marisol Whitaker,Access/Login/Permission Issue,,,,False,,,"Marketing, Sales & Billing Applications",03/02/2026 19:00:00,Marisol Whitaker,1,,
INC0465295,02/26/2026 11:22:04,03/03/2026 16:00:19,Richard.Aguirre@northwindtel.com,Customer gets 'no ID for the provided email could be found' when logging in - 7000007366,Richard Aguirre,Resolved - User Education,User Education: Customer was using the residential portal. Directed to the Business Hub login page.,4 - Low,BUS Sales Ordering and Digital Support,IT Enterprise Digital Portal,BOSS OM Enterprise Wholesale IT Support,,1,Marisol Whitaker,Closed,,02/26/2026 16:24:31,Marisol Whitaker,Access/Login/Permission Issue,,,,False,,,"Marketing, Sales & Billing Applications",03/03/2026 16:00:19,Marisol Whitaker,4,,
INC0457339,02/27/2026 11:26:58,03/04/2026 19:00:10,garrett.lin@northwindtel.com,Unable to reschedule wholesale orders in CPQ - ,Garrett Lin,Resolved - User Education,User Education - Wholesale rescheduling automation.,4 - Low,BUS Sales Ordering and Digital Support,IT Enterprise Digital Portal,BOSS AD IT Support,,1,Marisol Whitaker,Closed,,02/27/2026 19:09:17,Marisol Whitaker,Other,,,,False,,,"Marketing, Sales & Billing Applications",03/04/2026 19:00:10,Marisol Whitaker,3,,
INC0464912,02/27/2026 12:13:52,03/06/2026 06:00:20,Carla.Gray@northwindtel.com,Customer cannot sign in to the Business Hub since account was created - 7000014164,Carla Gray,Resolved - User Education,"Everything looks good on our end. The user completed their profile. If they still can't log in, ask the user to clear browser cache and try an incognito window.",4 - Low,BUS Sales Ordering and Digital Support,BOSS CPQ Enterprise IT Support,BOSS OM Enterprise Wholesale IT Support,,1,Marisol Whitaker,Closed,,03/01/2026 06:00:01,Marisol Whitaker,Access/Login/Permission Issue,,,,False,,,"Marketing, Sales & Billing Applications",03/06/2026 06:00:20,Marisol Whitaker,3,,
INC0459593,02/27/2026 18:03:59,03/05/2026 01:00:19,melissa.brewer@northwindtel.com,User locked out of Hub after password reset - 449524549,Melissa Brewer,Resolved - User Education,User Education: Account unlocks automatically after 30 minutes. Advised user to use 'Forgot Password' link once.,4 - Low,BUS Sales Ordering and Digital Support,IT Enterprise Digital Portal,Northwind POTS DSL Application,,3,Marisol Whitaker,Closed,,02/28/2026 01:39:09,Marisol Whitaker,Access/Login/Permission Issue,,,,False,,,"Marketing, Sales & Billing Applications",03/05/2026 01:00:19,Marisol Whitaker,6,,
INC0468833,02/28/2026 07:24:09,03/05/2026 08:00:08,Victoria.Larson@northwindtel.com,Link account to customer business hub - 7000034989,Victoria Larson,Resolved - User Education,User Education: Customer can add the BAN themselves under My Profile > Linked Accounts.,4 - Low,BUS Sales Ordering and Digital Support,BOSS CPQ BBBF IT Support,BOSS CPQ BBBF IT Support,,0,Marisol Whitaker,Closed,,02/28/2026 08:06:39,Marisol Whitaker,Access/Login/Permission Issue,,,,False,,,"Marketing, Sales & Billing Applications",03/05/2026 08:00:08,Marisol Whitaker,2,,
INC0457582,03/02/2026 10:01:28,03/08/2026 03:00:19,anthony.humphrey@northwindtel.com,County of Beck SSR 26794 account is not billing for services - 507931748,Anthony Humphrey,Resolved - User Education,Closing with notes from IT: The service has a promo applied per the contract (see attachment). Billing will start after promo period.,4 - Low,BUS Sales Ordering and Digital Support,IT Enterprise Digital Portal,BOSS OM Enterprise Wholesale IT Support,,3,Derek Okafor,Closed,,03/03/2026 03:42:57,Derek Okafor,Other,,,,False,,,SAP Applications,03/08/2026 03:00:19,Derek Okafor,4,,
INC0466436,03/02/2026 14:59:38,03/07/2026 16:00:15,spencer.haynes@northwindtel.com,Customer not receiving verification codes - ,Spencer Haynes,Resolved - User Education,per HUB IT: User is pending acceptance of T&C. User needs to accept T&C to receive the verification code.,4 - Low,BUS Sales Ordering and Digital Support,IT Enterprise Digital Portal,BOSS OM Enterprise Wholesale IT Support,,3,Derek Okafor,Closed,,03/02/2026 16:14:18,Derek Okafor,Access/Login/Permission Issue,,,,False,,,"Marketing, Sales & Billing Applications",03/07/2026 16:00:15,Derek Okafor,4,,
INC0458789,03/03/2026 10:02:53,03/08/2026 13:00:19,ethan.adams@northwindtel.com,An account could not be found for the provided user id - ,Ethan Adams,Resolved - User Education,per HUB IT: Account was migrated and is available in the Business HUB. A new invite was sent to ethan.adams@northwindtel.com.,4 - Low,BUS Sales Ordering and Digital Support,IT Enterprise Digital Portal,BOSS CPQ BBBF IT Support,,2,Marisol Whitaker,Closed,,03/03/2026 13:20:10,Marisol Whitaker,Access/Login/Permission Issue,,,,False,,,"Marketing, Sales & Billing Applications",03/08/2026 13:00:19,Marisol Whitaker,2,,
INC0465983,03/04/2026 08:42:29,03/10/2026 14:00:08,bailey.dds@northwindtel.com,Change of Ownership order does not carry over Circuit ID from old BAN to new - 511261966,Bailey Duran DDS,Resolved - User Education,User Education: DIA changes cannot be submitted through BOSS OM.,4 - Low,BUS Sales Ordering and Digital Support,BOSS CPQ Enterprise IT Support,BOSS CPQ BBBF IT Support,,1,Marisol Whitaker,Closed,,03/05/2026 14:38:35,Marisol Whitaker,Order Fallout,,,,False,,,"Marketing, Sales & Billing Applications",03/10/2026 14:00:08,Marisol Whitaker,3,,
INC0460607,03/04/2026 12:22:54,03/10/2026 07:00:18,christina.walters@northwindtel.com,Discount no longer applied to customer - 7000032078,Christina Walters,Resolved - User Education,User Education: MTM Discount does not extend past one year.,4 - Low,BUS Sales Ordering and Digital Support,IT Enterprise Digital Portal,IT Enterprise Digital Portal,,0,Marisol Whitaker,Closed,,03/05/2026 07:25:24,Marisol Whitaker,Billing Issue,,,,False,,,"Marketing, Sales & Billing Applications",03/10/2026 07:00:18,Marisol Whitaker,1,,
INC0464125,03/04/2026 13:29:58,03/12/2026 01:00:11,marc.moore@northwindtel.com,Unable to add additional admin user to Hub profile - 327492584,Marc Moore,Resolved - User Education,User Education: Only the primary admin can invite additional admins under User Management.,4 - Low,BUS Sales Ordering and Digital Support,BOSS CPQ Voice Plus IT Support,Northwind POTS DSL Application,,1,Marisol Whitaker,Closed,,03/07/2026 01:54:19,Marisol Whitaker,Access/Login/Permission Issue,,,,False,,,"Marketing, Sales & Billing Applications",03/12/2026 01:00:11,Marisol Whitaker,2,,
INC0456543,03/06/2026 14:47:41,03/10/2026 04:06:51,brian.lee@northwindtel.com,Customer not receiving verification codes - ,Brian Lee,Resolved - User Education,per HUB IT: User is pending acceptance of T&C. User needs to accept T&C to receive the verification code.,4 - Low,BUS Sales Ordering and Digital Support,IT Enterprise Digital Portal,BOSS CPQ Enterprise IT Support,,4,Marisol Whitaker,Resolved,,03/10/2026 02:32:51,Marisol Whitaker,Access/Login/Permission Issue,,,,False,,,"Marketing, Sales & Billing Applications",,,4,,
INC0457470,03/06/2026 18:13:29,03/14/2026 02:00:03,christopher.smith@northwindtel.com,Customer not receiving verification codes - ,Christopher Smith,Resolved - User Education,per HUB IT: User is pending acceptance of T&C. User needs to accept T&C to receive the verification code.,4 - Low,BUS Sales Ordering and Digital Support,IT Enterprise Digital Portal,Northwind POTS DSL Application,,1,Marisol Whitaker,Closed,,03/09/2026 02:00:01,Marisol Whitaker,Access/Login/Permission Issue,,,,False,,,"Marketing, Sales & Billing Applications",03/14/2026 02:00:03,Marisol Whitaker,2,,
INC0467969,03/06/2026 18:45:09,03/07/2026 06:15:19,Sherri.Baker@northwindtel.com,Unable to add additional admin user to Hub profile - 413031988,Sherri Baker,Resolved - User Education,User Education: Only the primary admin can invite additional admins under User Management.,4 - Low,BUS Sales Ordering and Digital Support,BOSS CPQ BBBF IT Support,BOSS CPQ BBBF IT Support,,0,Marisol Whitaker,Resolved,,03/07/2026 04:26:19,Marisol Whitaker,Access/Login/Permission Issue,,,,False,,,"Marketing, Sales & Billing Applications",,,0,,
INC0471847,03/07/2026 11:31:04,03/13/2026 18:00:20,james.ferrell@northwindtel.com,Order Id 5596070 - Change Billing says no product found - ,James Ferrell,Resolved - User Education,Per IT - The given BAN 7000011755 does not have contracts. Please correct to a valid BAN and try again.,4 - Low,BUS Sales Ordering and Digital Support,BOSS CPQ BBBF IT Support,BOSS OM IT Support,,4,Marisol Whitaker,Closed,,03/08/2026 18:40:13,Marisol Whitaker,Application Issue,,,,False,,,"Marketing, Sales & Billing Applications",03/13/2026 18:00:20,Marisol Whitaker,4,,
INC0456051,03/07/2026 15:43:57,03/12/2026 16:00:02,richard.aguirre@northwindtel.com,Customer not receiving verification codes - ,Richard Aguirre,Resolved - User Education,per HUB IT: User is pending acceptance of T&C. User needs to accept T&C to receive the verification code.,3 - Moderate,BUS Sales Ordering and Digital Support,IT Enterprise Digital Portal,BOSS OM IT Support,,3,Derek Okafor,Closed,,03/07/2026 16:26:17,Derek Okafor,Access/Login/Permission Issue,,,,False,,,"Marketing, Sales & Billing Applications",03/12/2026 16:00:02,Derek Okafor,4,,
INC0457245,03/08/2026 07:08:36,03/13/2026 09:00:03,Joel.Williams@northwindtel.com,An account could not be found for the provided user id - ,Joel Williams,Resolved - User Education,per HUB IT: Account was migrated and is available in the Business HUB. A new invite was sent to Joel.Williams@northwindtel.com.,4 - Low,BUS Sales Ordering and Digital Support,IT Enterprise Digital Portal,BOSS AD IT Support,,1,Marisol Whitaker,Closed,,03/08/2026 09:01:52,Marisol Whitaker,Access/Login/Permission Issue,,,,False,,,"Marketing, Sales & Billing Applications",03/13/2026 09:00:03,Marisol Whitaker,2,,
INC0462757,03/08/2026 14:29:23,03/15/2026 12:00:09,jessica.holmes@northwindtel.com,"422135276 upgrade to 2G not allowed, shows no packages available - 422135276",Jessica Holmes,Resolved - User Education,"User Education - the agent removed the term from the quote, which prevented selecting new products.",4 - Low,BUS Sales Ordering and Digital Support,IT Enterprise Digital Portal,IT Enterprise Digital Portal,,0,Marisol Whitaker,Closed,,03/10/2026 12:50:48,Marisol Whitaker,Other,,,,False,,,"Marketing, Sales & Billing Applications",03/15/2026 12:00:09,Marisol Whitaker,2,,
INC0469520,03/08/2026 15:22:04,03/24/2026 11:00:10,Sherri.Baker@northwindtel.com,381916827 - Small Business,Sherri Baker,Resolved - User Education,per HUB IT: Account was migrated and is available in the Business HUB. A new invite was sent to Sherri.Baker@northwindtel.com.,4 - Low,BUS Sales Ordering and Digital Support,IT Enterprise Digital Portal,Northwind POTS DSL Application,,1,Marisol Whitaker,Closed,,03/19/2026 11:19:52,Marisol Whitaker,Access/Login/Permission Issue,,,,False,,,"Marketing, Sales & Billing Applications",03/24/2026 11:00:10,Marisol Whitaker,3,,
INC0460560,03/10/2026 07:13:04,03/22/2026 09:00:12,Stephanie.Salazar@northwindtel.com,Link account to customer business hub - 7000016477,Stephanie Salazar,Resolved - User Education,User Education: Customer can add the BAN themselves under My Profile > Linked Accounts.,4 - Low,BUS Sales Ordering and Digital Support,IT Enterprise Digital Portal,BOSS OM Enterprise Wholesale IT Support,,1,Marisol Whitaker,Closed,,03/17/2026 09:06:24,Marisol Whitaker,Access/Login/Permission Issue,,,,False,,,"Marketing, Sales & Billing Applications",03/22/2026 09:00:12,Marisol Whitaker,2,,
INC0473105,03/11/2026 07:10:33,03/11/2026 20:29:11,michael.evans@northwindtel.com,An account could not be found for the provided user id - ,Michael Evans,Resolved - User Education,per HUB IT: Account was migrated and is available in the Business HUB. A new invite was sent to michael.evans@northwindtel.com.,3 - Moderate,BUS Sales Ordering and Digital Support,IT Enterprise Digital Portal,BOSS OM Enterprise Wholesale IT Support,,2,Marisol Whitaker,Resolved,,03/11/2026 13:14:11,Marisol Whitaker,Access/Login/Permission Issue,,,,False,,,"Marketing, Sales & Billing Applications",,,11,,
INC0469794,03/12/2026 13:42:48,03/17/2026 20:00:08,gabrielle.davis@northwindtel.com,An account could not be found for the provided user id - ,Gabrielle Davis,Resolved - User Education,per HUB IT: Account was migrated and is available in the Business HUB. A new invite was sent to gabrielle.davis@northwindtel.com.,4 - Low,BUS Sales Ordering and Digital Support,IT Enterprise Digital Portal,BOSS AD IT Support,,2,Marisol Whitaker,Closed,,03/12/2026 20:56:33,Marisol Whitaker,Access/Login/Permission Issue,,,,False,,,"Marketing, Sales & Billing Applications",03/17/2026 20:00:08,Marisol Whitaker,3,,
INC0463743,03/13/2026 08:01:12,03/18/2026 12:00:05,carol.tucker@northwindtel.com,Session expired error immediately after login - ,Carol Tucker,Resolved - User Education,"Please advise the user: clear browsing history, try an incognito window. This error displays if accessing from outside the US.",4 - Low,BUS Sales Ordering and Digital Support,IT Enterprise Digital Portal,IT Northwind Mobile App,,2,Marisol Whitaker,Closed,,03/13/2026 12:20:41,Marisol Whitaker,Access/Login/Permission Issue,,,,False,,,"Marketing, Sales & Billing Applications",03/18/2026 12:00:05,Marisol Whitaker,3,,
INC0456268,03/13/2026 15:19:03,03/19/2026 14:00:17,philip.cannon@northwindtel.com,Unable to add additional admin user to Hub profile - 448169836,Philip Cannon,Resolved - User Education,User Education: Only the primary admin can invite additional admins under User Management.,4 - Low,BUS Sales Ordering and Digital Support,BOSS CPQ BBBF IT Support,BOSS CPQ BBBF IT Support,,0,Derek Okafor,Closed,,03/14/2026 14:55:46,Derek Okafor,Access/Login/Permission Issue,,,,False,,,"Marketing, Sales & Billing Applications",03/19/2026 14:00:17,Derek Okafor,1,,
INC0473346,03/14/2026 13:49:20,03/22/2026 02:00:17,larry.dixon@northwindtel.com,An account could not be found for the provided user id - ,Larry Dixon,Resolved - User Education,per HUB IT: Account was migrated and is available in the Business HUB. A new invite was sent to larry.dixon@northwindtel.com.,4 - Low,BUS Sales Ordering and Digital Support,IT Enterprise Digital Portal,Northwind POTS DSL Application,,1,Marisol Whitaker,Closed,,03/17/2026 02:17:19,Marisol Whitaker,Access/Login/Permission Issue,,,,False,,,"Marketing, Sales & Billing Applications",03/22/2026 02:00:17,Marisol Whitaker,2,,
INC0473591,03/14/2026 15:54:38,03/21/2026 17:00:04,michelle.brown@northwindtel.com,Customer gets 'no ID for the provided email could be found' when logging in - 362326025,Michelle Brown,Resolved - User Education,User Education: Customer was using the residential portal. Directed to the Business Hub login page.,4 - Low,BUS Sales Ordering and Digital Support,IT Enterprise Digital Portal,BOSS CPQ Voice Plus IT Support,,1,Marisol Whitaker,Closed,,03/16/2026 17:28:58,Marisol Whitaker,Access/Login/Permission Issue,,,,False,,,Data Warehouse Applications,03/21/2026 17:00:04,Marisol Whitaker,3,,
INC0468145,03/14/2026 17:52:25,03/19/2026 18:00:08,rodney.morales@northwindtel.com,An account could not be found for the provided user id - ,Rodney Morales,Resolved - User Education,per HUB IT: Account was migrated and is available in the Business HUB. A new invite was sent to rodney.morales@northwindtel.com.,4 - Low,BUS Sales Ordering and Digital Support,IT Enterprise Digital Portal,IT Enterprise Digital Portal,,3,Derek Okafor,Closed,,03/14/2026 18:44:59,Derek Okafor,Access/Login/Permission Issue,,,,False,,,"Marketing, Sales & Billing Applications",03/19/2026 18:00:08,Derek Okafor,4,,
INC0461515,03/15/2026 13:29:23,03/22/2026 21:00:04,anthony.rodriguez@northwindtel.com,Customer not receiving verification codes - ,Anthony Rodriguez,Resolved – Permanent Fix Applied,I disabled the account-based user. Please try again; the user should now be able to access the account.,4 - Low,BUS Sales Ordering and Digital Support,BOSS CPQ BBBF IT Support,IT Digital Account Management,,2,Derek Okafor,Closed,,03/17/2026 21:03:02,Derek Okafor,Access/Login/Permission Issue,,,,False,,,"Marketing, Sales & Billing Applications",03/22/2026 21:00:04,Derek Okafor,3,,
INC0455055,03/15/2026 13:30:24,03/22/2026 22:00:18,Robert.Oconnell@northwindtel.com,Unable to add additional admin user to Hub profile - 366945063,Robert Oconnell,Resolved - User Education,User Education: Only the primary admin can invite additional admins under User Management.,4 - Low,BUS Sales Ordering and Digital Support,IT Enterprise Digital Portal,BOSS AD IT Support,,1,Marisol Whitaker,Closed,,03/17/2026 22:36:12,Marisol Whitaker,Access/Login/Permission Issue,,,,False,,,Data Warehouse Applications,03/22/2026 22:00:18,Marisol Whitaker,4,,
INC0471640,03/16/2026 14:44:30,03/27/2026 14:00:20,matthew.foster@northwindtel.com,Order Id 5519346 - Change Billing says no product found - ,Matthew Foster,Resolved - User Education,Per IT - The given BAN 7000003547 does not have contracts. Please correct to a valid BAN and try again.,4 - Low,BUS Sales Ordering and Digital Support,IT Enterprise Digital Portal,IT Digital Account Management,,2,Marisol Whitaker,Closed,,03/22/2026 14:17:25,Marisol Whitaker,Application Issue,,,,False,,,"Marketing, Sales & Billing Applications",03/27/2026 14:00:20,Marisol Whitaker,2,,
INC0471696,03/16/2026 17:41:10,03/24/2026 10:00:02,justin.torres@northwindtel.com,No access to the business portal. - 383941674,Justin Torres,Resolved - User Education,**MIGRATED TICKET FROM MASS MARKET SIDE TO HUB PORTAL** The user is now set up in the HUB Portal and is able to view their account.,4 - Low,BUS Sales Ordering and Digital Support,IT Enterprise Digital Portal,BOSS OM IT Support,,1,Marisol Whitaker,Closed,,03/19/2026 10:56:09,Marisol Whitaker,Access/Login/Permission Issue,,,,False,,,"Marketing, Sales & Billing Applications",03/24/2026 10:00:02,Marisol Whitaker,2,,
INC0468382,03/17/2026 09:06:33,03/24/2026 14:00:10,michael.evans@northwindtel.com,Customer gets 'no ID for the provided email could be found' when logging in - 437360670,Michael Evans,Resolved - User Education,User Education: Customer was using the residential portal. Directed to the Business Hub login page.,4 - Low,BUS Sales Ordering and Digital Support,IT Enterprise Digital Portal,BOSS OM IT Support,,1,Marisol Whitaker,Closed,,03/19/2026 14:47:44,Marisol Whitaker,Access/Login/Permission Issue,,,,False,,,"Marketing, Sales & Billing Applications",03/24/2026 14:00:10,Marisol Whitaker,2,,
INC0467423,03/17/2026 10:52:44,04/06/2026 11:00:16,christopher.bass@northwindtel.com,Please re-enable create billing option for Order ID 5587115 - ,Christopher Bass,Resolved – Permanent Fix Applied,Billing option re-enabled for the order. Please retry.,4 - Low,BUS Sales Ordering and Digital Support,BOSS CPQ Enterprise IT Support,BOSS CPQ Enterprise IT Support,,0,Marisol Whitaker,Closed,,04/01/2026 11:45:21,Marisol Whitaker,Other,,,,False,,,"Marketing, Sales & Billing Applications",04/06/2026 11:00:16,Marisol Whitaker,1,,
INC0456775,03/18/2026 11:07:20,03/24/2026 03:00:13,cameron.fisher@northwindtel.com,425650574 - Small Business,Cameron Fisher,Resolved - User Education,per HUB IT: Account was migrated and is available in the Business HUB. A new invite was sent to cameron.fisher@northwindtel.com.,4 - Low,BUS Sales Ordering and Digital Support,IT Enterprise Digital Portal,BOSS CPQ BBBF IT Support,,3,Marisol Whitaker,Closed,,03/19/2026 03:18:21,Marisol Whitaker,Access/Login/Permission Issue,,,,False,,,"Marketing, Sales & Billing Applications",03/24/2026 03:00:13,Marisol Whitaker,5,,
INC0466589,03/18/2026 12:29:25,03/23/2026 14:00:02,Jessica.Holmes@northwindtel.com,Session expired error immediately after login - ,Jessica Holmes,Resolved - User Education,"Please advise the user: clear browsing history, try an incognito window. This error displays if accessing from outside the US.",3 - Moderate,BUS Sales Ordering and Digital Support,IT Enterprise Digital Portal,BOSS CPQ BBBF IT Support,,3,Marisol Whitaker,Closed,,03/18/2026 14:03:48,Marisol Whitaker,Access/Login/Permission Issue,,,,False,,,"Marketing, Sales & Billing Applications",03/23/2026 14:00:02,Marisol Whitaker,3,,
INC0471890,03/19/2026 09:48:58,03/19/2026 16:48:40,Jonathan.Peterson@northwindtel.com,Session expired error immediately after login - ,Jonathan Peterson,Resolved - User Education,"Please advise the user: clear browsing history, try an incognito window. This error displays if accessing from outside the US.",4 - Low,BUS Sales Ordering and Digital Support,IT Enterprise Digital Portal,IT Enterprise Digital Portal,,0,Marisol Whitaker,Resolved,,03/19/2026 11:37:40,Marisol Whitaker,Access/Login/Permission Issue,,,,False,,,"Marketing, Sales & Billing Applications",,,9,,
INC0466954,03/19/2026 18:52:25,04/04/2026 11:00:12,Alex.Hernandez@northwindtel.com,Customer cannot sign in to the Business Hub since account was created - 451266027,Alex Hernandez,Resolved - User Education,"Everything looks good on our end. The user completed their profile. If they still can't log in, ask the user to clear browser cache and try an incognito window.",4 - Low,BUS Sales Ordering and Digital Support,IT Enterprise Digital Portal,BOSS CPQ BBBF IT Support,,1,Marisol Whitaker,Closed,,03/30/2026 11:51:06,Marisol Whitaker,Access/Login/Permission Issue,,,,False,,,"Marketing, Sales & Billing Applications",04/04/2026 11:00:12,Marisol Whitaker,1,,
INC0462004,03/20/2026 09:30:19,04/10/2026 15:00:04,Jeffrey.Chavez@northwindtel.com,An account could not be found for the provided user id - ,Jeffrey Chavez,Resolved - User Education,per HUB IT: Account was migrated and is available in the Business HUB. A new invite was sent to Jeffrey.Chavez@northwindtel.com.,4 - Low,BUS Sales Ordering and Digital Support,BOSS CPQ BBBF IT Support,IT Enterprise Digital Portal,,1,Marisol Whitaker,Closed,,04/05/2026 15:45:15,Marisol Whitaker,Access/Login/Permission Issue,,,,False,,,"Marketing, Sales & Billing Applications",04/10/2026 15:00:04,Marisol Whitaker,2,,
INC0458176,03/20/2026 12:30:45,04/01/2026 09:08:10,dylan.miller@northwindtel.com,Link account to customer business hub - 7000020741,Dylan Miller,Resolved - User Education,User Education: Customer can add the BAN themselves under My Profile > Linked Accounts.,4 - Low,BUS Sales Ordering and Digital Support,IT Enterprise Digital Portal,Northwind POTS DSL Application,,2,Marisol Whitaker,Resolved,,04/01/2026 08:12:10,Marisol Whitaker,Access/Login/Permission Issue,,,,False,,,"Marketing, Sales & Billing Applications",,,3,,Mid-Market & Small Business Sales
INC0472595,03/21/2026 07:10:16,04/03/2026 20:00:09,John.Anderson@northwindtel.com,311581469 - Small Business,John Anderson,Resolved - User Education,per HUB IT: Account was migrated and is available in the Business HUB. A new invite was sent to John.Anderson@northwindtel.com.,4 - Low,BUS Sales Ordering and Digital Support,IT Enterprise Digital Portal,BOSS AD IT Support,,1,Derek Okafor,Closed,,03/29/2026 20:09:38,Derek Okafor,Access/Login/Permission Issue,,,,False,,,"Marketing, Sales & Billing Applications",04/03/2026 20:00:09,Derek Okafor,3,,
INC0462821,03/21/2026 13:28:46,03/26/2026 19:00:08,Carol.Tucker@northwindtel.com,User locked out of Hub after password reset - 320500279,Carol Tucker,Resolved - User Education,User Education: Account unlocks automatically after 30 minutes. Advised user to use 'Forgot Password' link once.,4 - Low,BUS Sales Ordering and Digital Support,IT Enterprise Digital Portal,BOSS CPQ BBBF IT Support,,1,Marisol Whitaker,Closed,,03/21/2026 19:54:54,Marisol Whitaker,Access/Login/Permission Issue,,,,False,,,"Marketing, Sales & Billing Applications",03/26/2026 19:00:08,Marisol Whitaker,2,,
INC0458394,03/21/2026 13:54:14,03/26/2026 19:00:13,adam.vaughan@northwindtel.com,Session expired error immediately after login - ,Adam Vaughan,Resolved - User Education,"Please advise the user: clear browsing history, try an incognito window. This error displays if accessing from outside the US.",4 - Low,BUS Sales Ordering and Digital Support,IT Enterprise Digital Portal,BOSS OM BBBF IT Support,,2,Marisol Whitaker,Closed,,03/21/2026 19:16:51,Marisol Whitaker,Access/Login/Permission Issue,,,,False,,,"Marketing, Sales & Billing Applications",03/26/2026 19:00:13,Marisol Whitaker,5,,
INC0463185,03/21/2026 18:27:53,03/26/2026 21:00:14,angela.vaughn@northwindtel.com,Unable to process Premium Fiber MTM - 328246637,Angela Vaughn,Resolved - User Education,User Education: MTM is not available for Premium Fiber.,4 - Low,BUS Sales Ordering and Digital Support,IT Enterprise Digital Portal,Northwind POTS DSL Application,,2,Marisol Whitaker,Closed,,03/21/2026 21:56:15,Marisol Whitaker,Order Issue,,,,False,,,"Marketing, Sales & Billing Applications",03/26/2026 21:00:14,Marisol Whitaker,3,,
INC0461517,03/23/2026 07:34:01,04/03/2026 23:00:00,amy.silva@northwindtel.com,7000017834 - Small Business,Amy Silva,Resolved - User Education,per HUB IT: Account was migrated and is available in the Business HUB. A new invite was sent to amy.silva@northwindtel.com.,4 - Low,BUS Sales Ordering and Digital Support,IT Enterprise Digital Portal,IT Enterprise Digital Portal,,0,Marisol Whitaker,Closed,,03/29/2026 23:51:46,Marisol Whitaker,Access/Login/Permission Issue,,,,False,,,"Marketing, Sales & Billing Applications",04/03/2026 23:00:00,Marisol Whitaker,1,,
INC0472766,03/24/2026 15:46:11,03/31/2026 05:00:15,Joshua.Perry@northwindtel.com,Session expired error immediately after login - ,Joshua Perry,Resolved - User Education,"Please advise the user: clear browsing history, try an incognito window. This error displays if accessing from outside the US.",3 - Moderate,BUS Sales Ordering and Digital Support,IT Enterprise Digital Portal,IT Enterprise Digital Portal,,0,Marisol Whitaker,Closed,,03/26/2026 05:26:36,Marisol Whitaker,Access/Login/Permission Issue,,,,False,,,"Marketing, Sales & Billing Applications",03/31/2026 05:00:15,Marisol Whitaker,2,,
INC0466948,03/24/2026 18:47:11,03/25/2026 02:51:32,jennifer.adkins@northwindtel.com,QUO0150273 - ,Jennifer Adkins,Resolved - User Education,"User Education - Service type was not selected. Once selected, caller was able to continue.",4 - Low,BUS Sales Ordering and Digital Support,IT Enterprise Digital Portal,IT Enterprise Digital Portal,,3,Marisol Whitaker,Resolved,,03/25/2026 01:47:32,Marisol Whitaker,Data Issue,,,,False,,,"Marketing, Sales & Billing Applications",,,4,,
INC0461525,03/25/2026 07:05:03,03/30/2026 22:00:02,Sierra.Johnson@northwindtel.com,County of Thomas SSR 33430 account is not billing for services - 383034091,Sierra Johnson,Resolved - User Education,Closing with notes from IT: The service has a promo applied per the contract (see attachment). Billing will start after promo period.,4 - Low,BUS Sales Ordering and Digital Support,IT Enterprise Digital Portal,BOSS OM Enterprise Wholesale IT Support,,1,Marisol Whitaker,Closed,,03/25/2026 22:37:05,Marisol Whitaker,Other,,,,False,,,"Marketing, Sales & Billing Applications",03/30/2026 22:00:02,Marisol Whitaker,5,,
INC0471010,03/25/2026 08:02:29,04/07/2026 08:00:08,noah.rhodes@northwindtel.com,Customer gets 'no ID for the provided email could be found' when logging in - 7000001422,Noah Rhodes,Resolved - User Education,User Education: Customer was using the residential portal. Directed to the Business Hub login page.,4 - Low,BUS Sales Ordering and Digital Support,IT Enterprise Digital Portal,IT Enterprise Digital Portal,,0,Derek Okafor,Closed,,04/02/2026 08:26:40,Derek Okafor,Access/Login/Permission Issue,,,,False,,,"Marketing, Sales & Billing Applications",04/07/2026 08:00:08,Derek Okafor,2,,
INC0458542,03/25/2026 16:54:32,04/01/2026 00:00:16,cassandra.gaines@northwindtel.com,Customer gets 'no ID for the provided email could be found' when logging in - 7000033331,Cassandra Gaines,Resolved - User Education,User Education: Customer was using the residential portal. Directed to the Business Hub login page.,4 - Low,BUS Sales Ordering and Digital Support,IT Enterprise Digital Portal,IT Digital Account Management,,1,Marisol Whitaker,Closed,,03/27/2026 00:52:05,Marisol Whitaker,Access/Login/Permission Issue,,,,False,,,"Marketing, Sales & Billing Applications",04/01/2026 00:00:16,Marisol Whitaker,2,,
INC0470574,03/25/2026 17:29:57,04/02/2026 10:00:01,eric.carney@northwindtel.com,County of Mason SSR 26824 no billing found when I click disconnect - 7000031398,Eric Carney,Resolved - User Education,Confirmed user placed disco order. User education. Will monitor.,4 - Low,BUS Sales Ordering and Digital Support,IT Enterprise Digital Portal,BOSS OM IT Support,,1,Derek Okafor,Closed,,03/28/2026 10:50:18,Derek Okafor,Disconnecting a Customer/Service Issue,,,,False,,,"Marketing, Sales & Billing Applications",04/02/2026 10:00:01,Derek Okafor,4,,
INC0461901,03/27/2026 10:06:42,04/01/2026 11:00:07,tracy.house@northwindtel.com,Session expired error immediately after login - ,Tracy House,Resolved - User Education,"Please advise the user: clear browsing history, try an incognito window. This error displays if accessing from outside the US.",4 - Low,BUS Sales Ordering and Digital Support,IT Enterprise Digital Portal,BOSS OM IT Support,,3,Marisol Whitaker,Closed,,03/27/2026 11:13:46,Marisol Whitaker,Access/Login/Permission Issue,,,,False,,,"Marketing, Sales & Billing Applications",04/01/2026 11:00:07,Marisol Whitaker,5,,
INC0468865,03/27/2026 14:24:04,04/04/2026 02:00:10,elizabeth.perkins@northwindtel.com,Customer cannot sign in to the Business Hub since account was created - 458520789,Elizabeth Perkins,Resolved - User Education,"Everything looks good on our end. The user completed their profile. If they still can't log in, ask the user to clear browser cache and try an incognito window.",4 - Low,BUS Sales Ordering and Digital Support,IT Enterprise Digital Portal,BOSS OM Enterprise Wholesale IT Support,,1,Marisol Whitaker,Closed,,03/30/2026 02:29:30,Marisol Whitaker,Access/Login/Permission Issue,,,,False,,,"Marketing, Sales & Billing Applications",04/04/2026 02:00:10,Marisol Whitaker,2,,
INC0462457,03/27/2026 15:54:54,04/01/2026 16:00:13,brittney.phillips@northwindtel.com,Trying to upgrade to 2G on BAN 497148074 but no speeds available at location - ,Brittney Phillips,Resolved - User Education,UE - Service Qualification. Per IT: No speeds returned from qualification for this address.,4 - Low,BUS Sales Ordering and Digital Support,BOSS CPQ Enterprise IT Support,IT Billing SAP BRIM Support,,1,Derek Okafor,Closed,,03/27/2026 16:53:25,Derek Okafor,Order Issue,,,,False,,,"Marketing, Sales & Billing Applications",04/01/2026 16:00:13,Derek Okafor,2,,
INC0472573,03/28/2026 11:46:12,04/12/2026 10:00:10,kenneth.scott@northwindtel.com,7000022725 can not download invoice - 7000022725,Kenneth Scott,Resolved - User Education,IT was able to download. Advise customer to clear browsing history. Invoice attached.,4 - Low,BUS Sales Ordering and Digital Support,IT Enterprise Digital Portal,BOSS AD IT Support,,3,Derek Okafor,Closed,,04/07/2026 10:16:28,Derek Okafor,Billing Issue,,,,False,,,"Marketing, Sales & Billing Applications",04/12/2026 10:00:10,Derek Okafor,5,,
INC0472877,03/28/2026 12:21:26,04/02/2026 14:00:16,mary.marshall@northwindtel.com,No access to the business portal. - 7000035107,Mary Marshall,Resolved - User Education,**MIGRATED TICKET FROM MASS MARKET SIDE TO HUB PORTAL** The user is now set up in the HUB Portal and is able to view their account.,4 - Low,BUS Sales Ordering and Digital Support,IT Enterprise Digital Portal,BOSS OM Enterprise Wholesale IT Support,,1,Marisol Whitaker,Closed,,03/28/2026 14:19:02,Marisol Whitaker,Access/Login/Permission Issue,,,,False,,,"Marketing, Sales & Billing Applications",04/02/2026 14:00:16,Marisol Whitaker,1,,
INC0458276,03/28/2026 18:27:22,04/17/2026 00:00:19,Christopher.Bass@northwindtel.com,Customer not receiving verification codes - ,Christopher Bass,Resolved - User Education,per HUB IT: User is pending acceptance of T&C. User needs to accept T&C to receive the verification code.,4 - Low,BUS Sales Ordering and Digital Support,IT Enterprise Digital Portal,BOSS OM Enterprise Wholesale IT Support,,2,Marisol Whitaker,Closed,,04/12/2026 00:24:18,Marisol Whitaker,Access/Login/Permission Issue,,,,False,,,"Marketing, Sales & Billing Applications",04/17/2026 00:00:19,Marisol Whitaker,3,,
INC0468185,03/30/2026 13:13:09,04/07/2026 07:00:11,ryan.munoz@northwindtel.com,Link account to customer business hub - 301919951,Ryan Munoz,Resolved - User Education,User Education: Customer can add the BAN themselves under My Profile > Linked Accounts.,4 - Low,BUS Sales Ordering and Digital Support,IT Enterprise Digital Portal,Northwind POTS DSL Application,,1,Marisol Whitaker,Closed,,04/02/2026 07:47:31,Marisol Whitaker,Access/Login/Permission Issue,,,,False,,,"Marketing, Sales & Billing Applications",04/07/2026 07:00:11,Marisol Whitaker,3,,
INC0473250,03/30/2026 14:22:46,04/20/2026 04:00:06,Adam.Vaughan@northwindtel.com,Customer not receiving verification codes - ,Adam Vaughan,Resolved – Permanent Fix Applied,I disabled the account-based user. Please try again; the user should now be able to access the account.,4 - Low,BUS Sales Ordering and Digital Support,IT Enterprise Digital Portal,IT Enterprise Digital Portal,,0,Marisol Whitaker,Closed,,04/15/2026 04:06:16,Marisol Whitaker,Access/Login/Permission Issue,,,,False,,,"Marketing, Sales & Billing Applications",04/20/2026 04:00:06,Marisol Whitaker,1,,
INC0468074,03/31/2026 07:44:59,04/01/2026 19:17:36,william.herrera@northwindtel.com,ADD BAN TO HUB PROFILE - 7000021726,William Herrera,Resolved - User Education,User Education: Customer can add BANs under My Profile > Linked Accounts.,4 - Low,BUS Sales Ordering and Digital Support,IT Enterprise Digital Portal,BOSS OM Enterprise Wholesale IT Support,,2,Marisol Whitaker,Resolved,,04/01/2026 11:12:36,Marisol Whitaker,Configuration Issue,,,,False,,,"Marketing, Sales & Billing Applications",,,2,,
INC0462501,03/31/2026 16:59:10,04/22/2026 00:00:04,brent.jordan@northwindtel.com,Customer gets 'no ID for the provided email could be found' when logging in - 506628121,Brent Jordan,Resolved – Permanent Fix Applied,The BAN is now available in the HUB for this user.,4 - Low,BUS Sales Ordering and Digital Support,BOSS CPQ Voice Plus IT Support,BOSS CPQ Voice Plus IT Support,,0,Marisol Whitaker,Closed,,04/17/2026 00:11:51,Marisol Whitaker,Access/Login/Permission Issue,,,,False,,,"Marketing, Sales & Billing Applications",04/22/2026 00:00:04,Marisol Whitaker,1,,
INC0466724,04/01/2026 07:13:40,04/06/2026 10:00:20,ethan.adams@northwindtel.com,Unable to add additional admin user to Hub profile - 495837189,Ethan Adams,Resolved - User Education,User Education: Only the primary admin can invite additional admins under User Management.,4 - Low,BUS Sales Ordering and Digital Support,IT Enterprise Digital Portal,BOSS CPQ BBBF IT Support,,3,Derek Okafor,Closed,,04/01/2026 10:24:41,Derek Okafor,Access/Login/Permission Issue,,,,False,,,"Marketing, Sales & Billing Applications",04/06/2026 10:00:20,Derek Okafor,4,,
INC0459176,04/01/2026 07:50:14,04/06/2026 15:00:15,erin.warner@northwindtel.com,7000021637 - Small Business,Erin Warner,Resolved - User Education,per HUB IT: Account was migrated and is available in the Business HUB. A new invite was sent to erin.warner@northwindtel.com.,4 - Low,BUS Sales Ordering and Digital Support,BOSS CPQ Enterprise IT Support,BOSS OM Enterprise Wholesale IT Support,,1,Derek Okafor,Closed,,04/01/2026 15:45:11,Derek Okafor,Access/Login/Permission Issue,,,,False,,,"Marketing, Sales & Billing Applications",04/06/2026 15:00:15,Derek Okafor,2,,
INC0461913,04/03/2026 12:13:58,04/08/2026 13:00:19,Anthony.Humphrey@northwindtel.com,Customer wants to disconnect Inside Wire Protection and Business Voicemail - 7000025886,Anthony Humphrey,Resolved - User Education,"UE - MAC Process. Per IT: Deactivate features in service location, do not remove them.",4 - Low,BUS Sales Ordering and Digital Support,IT Enterprise Digital Portal,Northwind POTS DSL Application,,1,Marisol Whitaker,Closed,,04/03/2026 13:58:25,Marisol Whitaker,Customer Account Issue,,,,False,,,"Marketing, Sales & Billing Applications",04/08/2026 13:00:19,Marisol Whitaker,3,,
INC0458782,04/03/2026 16:27:43,04/08/2026 23:00:13,cathy.robinson@northwindtel.com,Customer wants to disconnect Inside Wire Protection and Business Voicemail - 7000006431,Cathy Robinson,Resolved - User Education,"UE - MAC Process. Per IT: Deactivate features in service location, do not remove them.",4 - Low,BUS Sales Ordering and Digital Support,IT Enterprise Digital Portal,Northwind POTS DSL Application,,1,Marisol Whitaker,Closed,,04/03/2026 23:30:23,Marisol Whitaker,Customer Account Issue,,,,False,,,"Marketing, Sales & Billing Applications",04/08/2026 23:00:13,Marisol Whitaker,3,,
INC0457321,04/04/2026 15:29:45,04/12/2026 10:00:15,Holly.Wood@northwindtel.com,User locked out of Hub after password reset - 400870638,Holly Wood,Resolved - User Education,User Education: Account unlocks automatically after 30 minutes. Advised user to use 'Forgot Password' link once.,4 - Low,BUS Sales Ordering and Digital Support,BOSS CPQ BBBF IT Support,BOSS OM Enterprise Wholesale IT Support,,2,Marisol Whitaker,Closed,,04/07/2026 10:02:51,Marisol Whitaker,Access/Login/Permission Issue,,,,False,,,"Marketing, Sales & Billing Applications",04/12/2026 10:00:15,Marisol Whitaker,3,,
INC0468777,04/04/2026 16:25:23,04/16/2026 16:00:15,Joel.Williams@northwindtel.com,User locked out of Hub after password reset - 7000009548,Joel Williams,Resolved - User Education,User Education: Account unlocks automatically after 30 minutes. Advised user to use 'Forgot Password' link once.,4 - Low,BUS Sales Ordering and Digital Support,DIA IT Support,BOSS OM Enterprise Wholesale IT Support,,1,Marisol Whitaker,Closed,,04/11/2026 16:20:47,Marisol Whitaker,Access/Login/Permission Issue,,,,False,,,"Marketing, Sales & Billing Applications",04/16/2026 16:00:15,Marisol Whitaker,2,,
INC0470505,04/04/2026 18:07:45,04/09/2026 20:00:04,Brittany.Farmer@northwindtel.com,Unable to add additional admin user to Hub profile - 7000024064,Brittany Farmer,Resolved - User Education,User Education: Only the primary admin can invite additional admins under User Management.,4 - Low,BUS Sales Ordering and Digital Support,BOSS CPQ BBBF IT Support,IT Digital Account Management,,1,Marisol Whitaker,Closed,,04/04/2026 20:20:25,Marisol Whitaker,Access/Login/Permission Issue,,,,False,,,"Marketing, Sales & Billing Applications",04/09/2026 20:00:04,Marisol Whitaker,2,,
INC0474864,04/05/2026 13:52:14,04/10/2026 17:00:19,Jamie.Arnold@northwindtel.com,No access to the business portal. - 7000007623,Jamie Arnold,Resolved - User Education,**MIGRATED TICKET FROM MASS MARKET SIDE TO HUB PORTAL** The user is now set up in the HUB Portal and is able to view their account.,4 - Low,BUS Sales Ordering and Digital Support,IT Enterprise Digital Portal,Northwind POTS DSL Application,,3,Marisol Whitaker,Closed,,04/05/2026 17:01:59,Marisol Whitaker,Access/Login/Permission Issue,,,,False,,,"Marketing, Sales & Billing Applications",04/10/2026 17:00:19,Marisol Whitaker,6,,
INC0457465,04/05/2026 14:20:42,04/12/2026 18:00:15,Angelica.Keith@northwindtel.com,Customer cannot sign in to the Business Hub since account was created - 420037065,Angelica Keith,Resolved - User Education,"Everything looks good on our end. The user completed their profile. If they still can't log in, ask the user to clear browser cache and try an incognito window.",4 - Low,BUS Sales Ordering and Digital Support,IT Enterprise Digital Portal,BOSS OM Enterprise Wholesale IT Support,,2,Marisol Whitaker,Closed,,04/07/2026 18:57:03,Marisol Whitaker,Access/Login/Permission Issue,,,,False,,,"Marketing, Sales & Billing Applications",04/12/2026 18:00:15,Marisol Whitaker,4,,
INC0469239,04/05/2026 15:09:52,04/14/2026 03:00:03,lisa.archer@northwindtel.com,An account could not be found for the provided user id - ,Lisa Archer,Resolved - User Education,per HUB IT: Account was migrated and is available in the Business HUB. A new invite was sent to lisa.archer@northwindtel.com.,4 - Low,BUS Sales Ordering and Digital Support,IT Enterprise Digital Portal,BOSS OM IT Support,,1,Derek Okafor,Closed,,04/09/2026 03:52:56,Derek Okafor,Access/Login/Permission Issue,,,,False,,,"Marketing, Sales & Billing Applications",04/14/2026 03:00:03,Derek Okafor,2,,
INC0455316,04/06/2026 07:26:44,04/22/2026 06:00:16,Mary.Marshall@northwindtel.com,Customer cannot sign in to the Business Hub since account was created - 300858379,Mary Marshall,Resolved - User Education,"Everything looks good on our end. The user completed their profile. If they still can't log in, ask the user to clear browser cache and try an incognito window.",4 - Low,BUS Sales Ordering and Digital Support,IT Enterprise Digital Portal,BOSS OM Enterprise Wholesale IT Support,,1,Marisol Whitaker,Closed,,04/17/2026 06:57:51,Marisol Whitaker,Access/Login/Permission Issue,,,,False,,,"Marketing, Sales & Billing Applications",04/22/2026 06:00:16,Marisol Whitaker,2,,
INC0458552,04/06/2026 09:01:41,04/11/2026 16:00:18,Adam.Vaughan@northwindtel.com,Customer cannot sign in to the Business Hub since account was created - 442209582,Adam Vaughan,Resolved - User Education,"Everything looks good on our end. The user completed their profile. If they still can't log in, ask the user to clear browser cache and try an incognito window.",4 - Low,BUS Sales Ordering and Digital Support,BOSS CPQ BBBF IT Support,BOSS OM IT Support,,2,Marisol Whitaker,Closed,,04/06/2026 16:28:48,Marisol Whitaker,Access/Login/Permission Issue,,,,False,,,"Marketing, Sales & Billing Applications",04/11/2026 16:00:18,Marisol Whitaker,3,,
INC0458965,04/06/2026 17:31:06,04/17/2026 17:00:14,Tracy.House@northwindtel.com,No access to the business portal. - 7000004548,Tracy House,Resolved - User Education,**MIGRATED TICKET FROM MASS MARKET SIDE TO HUB PORTAL** The user is now set up in the HUB Portal and is able to view their account.,4 - Low,BUS Sales Ordering and Digital Support,IT Enterprise Digital Portal,IT Enterprise Digital Portal,,0,Marisol Whitaker,Closed,,04/12/2026 17:08:56,Marisol Whitaker,Access/Login/Permission Issue,,,,False,,,"Marketing, Sales & Billing Applications",04/17/2026 17:00:14,Marisol Whitaker,2,,Mid-Market & Small Business Sales
INC0469038,04/07/2026 11:06:30,04/12/2026 12:00:10,Christopher.Bass@northwindtel.com,Caller ID incorrect name displayed - 7000031177,Christopher Bass,Resolved - User Education,"UE - Caller ID. Per IT: Change order was performed incorrectly, which is why Caller ID was not updated.",4 - Low,BUS Sales Ordering and Digital Support,IT Enterprise Digital Portal,IT Enterprise Digital Portal,,1,Marisol Whitaker,Closed,,04/07/2026 12:23:36,Marisol Whitaker,Plan Change Issue,,,,False,,,"Marketing, Sales & Billing Applications",04/12/2026 12:00:10,Marisol Whitaker,3,,
INC0461089,04/07/2026 13:30:41,04/09/2026 01:47:23,connie.lawrence@northwindtel.com,UPDATE PACKAGE TYPE TO ADVANCED - ,Connie Lawrence,Resolved - No response from User,No response from user after 3 follow-up attempts. Closing ticket.,4 - Low,BUS Sales Ordering and Digital Support,IT Enterprise Digital Portal,Northwind POTS DSL Application,,2,Marisol Whitaker,Resolved,,04/08/2026 16:36:23,Marisol Whitaker,Data Issue,,,,False,,,"Marketing, Sales & Billing Applications",,,3,,
INC0463667,04/08/2026 09:27:32,04/13/2026 16:00:05,Tricia.Valencia@northwindtel.com,Unable to add Voice+ service - N/A,Tricia Valencia,Resolved - User Education,User Education - BrightQuote is only available for fiber orders. Add Voice+ in CPQ once done with the fiber portion.,4 - Low,BUS Sales Ordering and Digital Support,IT Enterprise Digital Portal,BOSS OM BBBF IT Support,,2,Marisol Whitaker,Closed,,04/08/2026 16:46:16,Marisol Whitaker,Order Issue,,,,False,,,"Marketing, Sales & Billing Applications",04/13/2026 16:00:05,Marisol Whitaker,3,,
INC0462288,04/08/2026 10:49:06,04/14/2026 08:00:15,larry.dixon@northwindtel.com,Session expired error immediately after login - ,Larry Dixon,Resolved - User Education,"Please advise the user: clear browsing history, try an incognito window. This error displays if accessing from outside the US.",4 - Low,BUS Sales Ordering and Digital Support,IT Enterprise Digital Portal,Northwind POTS DSL Application,,1,Marisol Whitaker,Closed,,04/09/2026 08:27:51,Marisol Whitaker,Access/Login/Permission Issue,,,,False,,,"Marketing, Sales & Billing Applications",04/14/2026 08:00:15,Marisol Whitaker,2,,
INC0463147,04/09/2026 08:47:38,04/09/2026 13:05:26,kelly.donovan@northwindtel.com,7000029487 can not download invoice - 7000029487,Kelly Donovan,Resolved - User Education,IT was able to download. Advise customer to clear browsing history. Invoice attached.,4 - Low,BUS Sales Ordering and Digital Support,IT Enterprise Digital Portal,BOSS OM IT Support,,2,Marisol Whitaker,Resolved,,04/09/2026 11:05:26,Marisol Whitaker,Billing Issue,,,,False,,,"Marketing, Sales & Billing Applications",,,4,,
INC0473173,04/09/2026 15:58:44,04/29/2026 07:00:10,ricky.ii@northwindtel.com,7000039079 - Small Business,Ricky Davis II,Resolved - User Education,per HUB IT: Account was migrated and is available in the Business HUB. A new invite was sent to ricky.ii@northwindtel.com.,4 - Low,BUS Sales Ordering and Digital Support,IT Enterprise Digital Portal,BOSS AD IT Support,,1,Marisol Whitaker,Closed,,04/24/2026 07:37:11,Marisol Whitaker,Access/Login/Permission Issue,,,,False,,,"Marketing, Sales & Billing Applications",04/29/2026 07:00:10,Marisol Whitaker,2,,
INC0456302,04/10/2026 10:17:49,04/28/2026 00:00:06,shannon.walker@northwindtel.com,"Fiber order cannot be placed at this address, pending fiber disconnect order exists - ",Shannon Walker,Resolved - User Education,Closing as SE is opening a case to get the site corrected.,4 - Low,BUS Sales Ordering and Digital Support,IT Enterprise Digital Portal,BOSS CPQ BBBF IT Support,,2,Marisol Whitaker,Closed,,04/23/2026 00:12:37,Marisol Whitaker,Error Message,,,,False,,,"Marketing, Sales & Billing Applications",04/28/2026 00:00:06,Marisol Whitaker,4,,
INC0472502,04/10/2026 12:53:28,04/18/2026 04:00:12,shane.henderson@northwindtel.com,Customer not receiving verification codes - ,Shane Henderson,Resolved - User Education,per HUB IT: User is pending acceptance of T&C. User needs to accept T&C to receive the verification code.,4 - Low,BUS Sales Ordering and Digital Support,IT Enterprise Digital Portal,IT Digital Account Management,,1,Derek Okafor,Closed,,04/13/2026 04:17:04,Derek Okafor,Access/Login/Permission Issue,,,,False,,,"Marketing, Sales & Billing Applications",04/18/2026 04:00:12,Derek Okafor,3,,
INC0463176,04/10/2026 14:08:29,04/23/2026 18:00:10,tommy.walter@northwindtel.com,close account - 7000030650,Tommy Walter,Resolved - User Education,UE - Disconnect. Service is not inactive. IT provided a link to disconnect the services.,4 - Low,BUS Sales Ordering and Digital Support,BOSS CPQ BBBF IT Support,BOSS OM Enterprise Wholesale IT Support,,2,Marisol Whitaker,Closed,,04/18/2026 18:05:45,Marisol Whitaker,Disconnected but Billed,,,,False,,,"Marketing, Sales & Billing Applications",04/23/2026 18:00:10,Marisol Whitaker,3,,
INC0473015,04/10/2026 16:07:55,04/25/2026 16:33:48,Whitney.Peters@northwindtel.com,400727929 - Small Business,Whitney Peters,Resolved - User Education,per HUB IT: Account was migrated and is available in the Business HUB. A new invite was sent to Whitney.Peters@northwindtel.com.,4 - Low,BUS Sales Ordering and Digital Support,IT Enterprise Digital Portal,IT Enterprise Digital Portal,,3,Marisol Whitaker,Resolved,,04/25/2026 09:29:48,Marisol Whitaker,Access/Login/Permission Issue,,,,False,,,"Marketing, Sales & Billing Applications",,,5,,
INC0469299,04/11/2026 12:34:03,04/25/2026 10:00:05,david.alvarez@northwindtel.com,No Welcome email - ,David Alvarez,Resolved - User Education,per HUB IT: Welcome email resent; user must check spam folder.,4 - Low,BUS Sales Ordering and Digital Support,IT Enterprise Digital Portal,BOSS OM Enterprise Wholesale IT Support,,2,Marisol Whitaker,Closed,,04/20/2026 10:51:18,Marisol Whitaker,Configuration Issue,,,,False,,,"Marketing, Sales & Billing Applications",04/25/2026 10:00:05,Marisol Whitaker,3,,
INC0460394,04/12/2026 10:34:24,04/26/2026 07:00:01,cathy.robinson@northwindtel.com,User locked out of Hub after password reset - 441445818,Cathy Robinson,Resolved - User Education,User Education: Account unlocks automatically after 30 minutes. Advised user to use 'Forgot Password' link once.,4 - Low,BUS Sales Ordering and Digital Support,BOSS CPQ BBBF IT Support,BOSS OM Enterprise Wholesale IT Support,,2,Marisol Whitaker,Closed,,04/21/2026 07:27:45,Marisol Whitaker,Access/Login/Permission Issue,,,,False,,,"Marketing, Sales & Billing Applications",04/26/2026 07:00:01,Marisol Whitaker,5,,
INC0462362,04/12/2026 11:44:24,04/17/2026 18:00:14,anthony.everett@northwindtel.com,County of Newman SSR 27814 no billing found when I click disconnect - 473890495,Anthony Everett,Resolved - User Education,Confirmed user placed disco order. User education. Will monitor.,4 - Low,BUS Sales Ordering and Digital Support,IT Enterprise Digital Portal,IT Enterprise Digital Portal,,0,Marisol Whitaker,Closed,,04/12/2026 18:56:33,Marisol Whitaker,Disconnecting a Customer/Service Issue,,,,False,,,"Marketing, Sales & Billing Applications",04/17/2026 18:00:14,Marisol Whitaker,1,,
INC0467252,04/13/2026 11:52:24,04/18/2026 18:00:14,Anthony.Everett@northwindtel.com,Customer cannot sign in to the Business Hub since account was created - 371539008,Anthony Everett,Resolved - User Education,"Everything looks good on our end. The user completed their profile. If they still can't log in, ask the user to clear browser cache and try an incognito window.",4 - Low,BUS Sales Ordering and Digital Support,IT Enterprise Digital Portal,BOSS CPQ BBBF IT Support,,5,Marisol Whitaker,Closed,,04/13/2026 18:33:03,Marisol Whitaker,Access/Login/Permission Issue,,,,False,,,"Marketing, Sales & Billing Applications",04/18/2026 18:00:14,Marisol Whitaker,6,,
INC0474024,04/13/2026 13:11:54,04/19/2026 22:00:11,cassandra.gaines@northwindtel.com,An account could not be found for the provided user id - ,Cassandra Gaines,Resolved - User Education,per HUB IT: Account was migrated and is available in the Business HUB. A new invite was sent to cassandra.gaines@northwindtel.com.,4 - Low,BUS Sales Ordering and Digital Support,IT Enterprise Digital Portal,BOSS CPQ Enterprise IT Support,,1,Derek Okafor,Closed,,04/14/2026 22:46:25,Derek Okafor,Access/Login/Permission Issue,,,,False,,,"Marketing, Sales & Billing Applications",04/19/2026 22:00:11,Derek Okafor,2,,
INC0456307,04/13/2026 15:09:46,04/22/2026 05:00:16,Lindsay.Martinez@northwindtel.com,QUO0154485 - ,Lindsay Martinez,Resolved - User Education,"User Education - Service type was not selected. Once selected, caller was able to continue.",4 - Low,BUS Sales Ordering and Digital Support,BOSS CPQ BBBF IT Support,BOSS OM BBBF IT Support,,2,Marisol Whitaker,Closed,,04/17/2026 05:45:41,Marisol Whitaker,Data Issue,,,,False,,,"Marketing, Sales & Billing Applications",04/22/2026 05:00:16,Marisol Whitaker,3,,
INC0461222,04/13/2026 17:42:04,05/02/2026 15:00:05,donald.wright@northwindtel.com,Quote number QUO0153105 is locked and cannot select Month to Month pricing - ,Donald Wright,Resolved - User Education,User Education: BrightQuote - Service was not selected prior to trying to select Term.,4 - Low,BUS Sales Ordering and Digital Support,BOSS CPQ BBBF IT Support,BOSS OM IT Support,,1,Marisol Whitaker,Closed,,04/27/2026 15:05:32,Marisol Whitaker,Configuration Issue,,,,False,,,"Marketing, Sales & Billing Applications",05/02/2026 15:00:05,Marisol Whitaker,2,,
INC0468096,04/14/2026 10:53:22,04/22/2026 08:00:18,Michelle.Harmon@northwindtel.com,365085682 - Small Business,Michelle Harmon,Resolved - User Education,per HUB IT: Account was migrated and is available in the Business HUB. A new invite was sent to Michelle.Harmon@northwindtel.com.,3 - Moderate,BUS Sales Ordering and Digital Support,IT Enterprise Digital Portal,IT Enterprise Digital Portal,,0,Derek Okafor,Closed,,04/17/2026 08:32:39,Derek Okafor,Access/Login/Permission Issue,,,,False,,,"Marketing, Sales & Billing Applications",04/22/2026 08:00:18,Derek Okafor,1,,
INC0463346,04/14/2026 18:42:50,04/22/2026 12:00:09,victor.baker@northwindtel.com,Customer not receiving verification codes - ,Victor Baker,Resolved - User Education,per HUB IT: User is pending acceptance of T&C. User needs to accept T&C to receive the verification code.,4 - Low,BUS Sales Ordering and Digital Support,IT Enterprise Digital Portal,IT Enterprise Digital Portal,,0,Marisol Whitaker,Closed,,04/17/2026 12:20:11,Marisol Whitaker,Access/Login/Permission Issue,,,,False,,,"Marketing, Sales & Billing Applications",04/22/2026 12:00:09,Marisol Whitaker,3,,
INC0466641,04/15/2026 14:06:08,04/28/2026 03:00:10,sierra.johnson@northwindtel.com,Customer gets 'no ID for the provided email could be found' when logging in - 396938731,Sierra Johnson,Resolved - User Education,User Education: Customer was using the residential portal. Directed to the Business Hub login page.,4 - Low,BUS Sales Ordering and Digital Support,BOSS CPQ BBBF IT Support,IT Digital Account Management,,1,Marisol Whitaker,Closed,,04/23/2026 03:04:10,Marisol Whitaker,Access/Login/Permission Issue,,,,False,,,"Marketing, Sales & Billing Applications",04/28/2026 03:00:10,Marisol Whitaker,2,,
INC0456921,04/16/2026 11:11:14,04/29/2026 02:00:06,anthony.rodriguez@northwindtel.com,Session expired error immediately after login - ,Anthony Rodriguez,Resolved - User Education,"Please advise the user: clear browsing history, try an incognito window. This error displays if accessing from outside the US.",4 - Low,BUS Sales Ordering and Digital Support,BOSS CPQ Enterprise IT Support,BOSS OM Enterprise Wholesale IT Support,,2,Marisol Whitaker,Closed,,04/24/2026 02:38:50,Marisol Whitaker,Access/Login/Permission Issue,,,,False,,,"Marketing, Sales & Billing Applications",04/29/2026 02:00:06,Marisol Whitaker,3,,
INC0466235,04/17/2026 10:16:31,04/22/2026 13:00:16,Jennifer.Adkins@northwindtel.com,No Welcome email - ,Jennifer Adkins,Resolved - User Education,per HUB IT: Welcome email resent; user must check spam folder.,4 - Low,BUS Sales Ordering and Digital Support,IT Enterprise Digital Portal,IT Digital Account Management,,1,Derek Okafor,Closed,,04/17/2026 13:56:38,Derek Okafor,Configuration Issue,,,,False,,,"Marketing, Sales & Billing Applications",04/22/2026 13:00:16,Derek Okafor,1,,
INC0467793,04/17/2026 12:12:43,05/06/2026 15:00:06,michael.powell@northwindtel.com,Session expired error immediately after login - ,Michael Powell,Resolved - User Education,"Please advise the user: clear browsing history, try an incognito window. This error displays if accessing from outside the US.",3 - Moderate,BUS Sales Ordering and Digital Support,BOSS CPQ Voice Plus IT Support,BOSS CPQ BBBF IT Support,,5,Marisol Whitaker,Closed,,05/01/2026 15:43:01,Marisol Whitaker,Access/Login/Permission Issue,,,,False,,,"Marketing, Sales & Billing Applications",05/06/2026 15:00:06,Marisol Whitaker,7,,
INC0471692,04/18/2026 11:03:25,04/26/2026 04:00:04,anna.henderson@northwindtel.com,Customer wants to disconnect Inside Wire Protection and Business Voicemail - 470431641,Anna Henderson,Resolved - User Education,"UE - MAC Process. Per IT: Deactivate features in service location, do not remove them.",4 - Low,BUS Sales Ordering and Digital Support,IT Enterprise Digital Portal,BOSS CPQ BBBF IT Support,,1,Marisol Whitaker,Closed,,04/21/2026 04:43:05,Marisol Whitaker,Customer Account Issue,,,,False,,,"Marketing, Sales & Billing Applications",04/26/2026 04:00:04,Marisol Whitaker,5,,
INC0463559,04/18/2026 11:54:45,04/24/2026 17:00:05,Judy.Baker@northwindtel.com,Customer gets 'no ID for the provided email could be found' when logging in - 7000020507,Judy Baker,Resolved - User Education,User Education: Customer was using the residential portal. Directed to the Business Hub login page.,4 - Low,BUS Sales Ordering and Digital Support,IT Enterprise Digital Portal,IT Enterprise Digital Portal,,0,Marisol Whitaker,Closed,,04/19/2026 17:28:50,Marisol Whitaker,Access/Login/Permission Issue,,,,False,,,"Marketing, Sales & Billing Applications",04/24/2026 17:00:05,Marisol Whitaker,1,,
INC0468824,04/18/2026 14:26:49,04/24/2026 14:00:05,allen.rosales@northwindtel.com,Unable to add additional admin user to Hub profile - 7000010111,Allen Rosales,Resolved - User Education,User Education: Only the primary admin can invite additional admins under User Management.,4 - Low,BUS Sales Ordering and Digital Support,IT Enterprise Digital Portal,BOSS OM IT Support,,1,Marisol Whitaker,Closed,,04/19/2026 14:08:49,Marisol Whitaker,Access/Login/Permission Issue,,,,False,,,"Marketing, Sales & Billing Applications",04/24/2026 14:00:05,Marisol Whitaker,3,,
INC0469982,04/18/2026 17:59:02,04/23/2026 20:00:15,brittney.phillips@northwindtel.com,An account could not be found for the provided user id - ,Brittney Phillips,Resolved - User Education,per HUB IT: Account was migrated and is available in the Business HUB. A new invite was sent to brittney.phillips@northwindtel.com.,4 - Low,BUS Sales Ordering and Digital Support,DIA IT Support,BOSS OM Enterprise Wholesale IT Support,,1,Marisol Whitaker,Closed,,04/18/2026 20:08:04,Marisol Whitaker,Access/Login/Permission Issue,,,,False,,,"Marketing, Sales & Billing Applications",04/23/2026 20:00:15,Marisol Whitaker,2,,
INC0469288,04/18/2026 18:09:13,04/24/2026 06:00:14,Matthew.Foster@northwindtel.com,Returned VOIP phone still being charged - 7000003457,Matthew Foster,Resolved - User Education,User Education: Devices cannot be removed unless returned within 30 days in new condition.,4 - Low,BUS Sales Ordering and Digital Support,IT Enterprise Digital Portal,BOSS OM Enterprise Wholesale IT Support,,2,Marisol Whitaker,Closed,,04/19/2026 06:22:44,Marisol Whitaker,Billing Issue,,,,False,,,"Marketing, Sales & Billing Applications",04/24/2026 06:00:14,Marisol Whitaker,5,,
INC0473978,04/19/2026 10:32:05,04/24/2026 14:00:05,Derek.Zuniga@northwindtel.com,Unable to add additional admin user to Hub profile - 337992208,Derek Zuniga,Resolved - User Education,User Education: Only the primary admin can invite additional admins under User Management.,4 - Low,BUS Sales Ordering and Digital Support,IT Enterprise Digital Portal,BOSS CPQ Voice Plus IT Support,,1,Marisol Whitaker,Closed,,04/19/2026 14:07:00,Marisol Whitaker,Access/Login/Permission Issue,,,,False,,,"Risk, Audit & Compliance Applications",04/24/2026 14:00:05,Marisol Whitaker,2,,
INC0465366,04/20/2026 14:14:20,04/27/2026 11:00:07,philip.cannon@northwindtel.com,Customer gets 'no ID for the provided email could be found' when logging in - 476447346,Philip Cannon,Resolved - User Education,User Education: Customer was using the residential portal. Directed to the Business Hub login page.,4 - Low,BUS Sales Ordering and Digital Support,IT Enterprise Digital Portal,BOSS AD IT Support,,1,Marisol Whitaker,Closed,,04/22/2026 11:27:55,Marisol Whitaker,Access/Login/Permission Issue,,,,False,,,"Marketing, Sales & Billing Applications",04/27/2026 11:00:07,Marisol Whitaker,2,,
INC0468470,04/20/2026 16:13:52,04/27/2026 19:00:00,Joshua.Blair@northwindtel.com,An account could not be found for the provided user id - ,Joshua Blair,Resolved - User Education,per HUB IT: Account was migrated and is available in the Business HUB. A new invite was sent to Joshua.Blair@northwindtel.com.,4 - Low,BUS Sales Ordering and Digital Support,IT Enterprise Digital Portal,DIA IT Support,,1,Marisol Whitaker,Closed,,04/22/2026 19:34:16,Marisol Whitaker,Access/Login/Permission Issue,,,,False,,,"Marketing, Sales & Billing Applications",04/27/2026 19:00:00,Marisol Whitaker,4,,
INC0463690,04/22/2026 14:14:33,04/29/2026 09:00:02,christopher.smith@northwindtel.com,Customer not receiving verification codes - ,Christopher Smith,Resolved - User Education,per HUB IT: User is pending acceptance of T&C. User needs to accept T&C to receive the verification code.,4 - Low,BUS Sales Ordering and Digital Support,IT Enterprise Digital Portal,IT Digital Account Management,,1,Marisol Whitaker,Closed,,04/24/2026 09:36:35,Marisol Whitaker,Access/Login/Permission Issue,,,,False,,,"Marketing, Sales & Billing Applications",04/29/2026 09:00:02,Marisol Whitaker,2,,
INC0461278,04/22/2026 14:41:09,05/09/2026 04:00:09,david.martinez@northwindtel.com,Complete disconnection and stop billing - 303724789,David Martinez,Resolved - User Education,UE - Disconnect. Per IT: There is active service on the BAN; please perform disconnect action using the provided link.,4 - Low,BUS Sales Ordering and Digital Support,IT Enterprise Digital Portal,IT Enterprise Digital Portal,,0,Marisol Whitaker,Closed,,05/04/2026 04:01:59,Marisol Whitaker,Disconnecting a Customer/Service Issue,,,,False,,,"Marketing, Sales & Billing Applications",05/09/2026 04:00:09,Marisol Whitaker,1,,
INC0460877,04/23/2026 08:36:18,05/11/2026 23:00:17,victoria.garcia@northwindtel.com,Unable to add additional admin user to Hub profile - 401583719,Victoria Garcia,Resolved - User Education,User Education: Only the primary admin can invite additional admins under User Management.,4 - Low,BUS Sales Ordering and Digital Support,IT Enterprise Digital Portal,Northwind POTS DSL Application,,2,Marisol Whitaker,Closed,,05/06/2026 23:37:59,Marisol Whitaker,Access/Login/Permission Issue,,,,False,,,"Marketing, Sales & Billing Applications",05/11/2026 23:00:17,Marisol Whitaker,4,,
INC0464338,04/23/2026 15:13:06,05/14/2026 13:00:20,ashley.barton@northwindtel.com,No access to the business portal. - 386318436,Ashley Barton,Resolved - User Education,**MIGRATED TICKET FROM MASS MARKET SIDE TO HUB PORTAL** The user is now set up in the HUB Portal and is able to view their account.,4 - Low,BUS Sales Ordering and Digital Support,IT Enterprise Digital Portal,BOSS OM IT Support,,2,Marisol Whitaker,Closed,,05/09/2026 13:35:42,Marisol Whitaker,Access/Login/Permission Issue,,,,False,,,Data Warehouse Applications,05/14/2026 13:00:20,Marisol Whitaker,3,,
INC0456370,04/24/2026 09:40:53,04/30/2026 02:00:08,adam.vaughan@northwindtel.com,Customer not receiving verification codes - ,Adam Vaughan,Resolved - User Education,per HUB IT: User is pending acceptance of T&C. User needs to accept T&C to receive the verification code.,4 - Low,BUS Sales Ordering and Digital Support,IT Enterprise Digital Portal,BOSS OM IT Support,,1,Marisol Whitaker,Closed,,04/25/2026 02:49:33,Marisol Whitaker,Access/Login/Permission Issue,,,,False,,,"Marketing, Sales & Billing Applications",04/30/2026 02:00:08,Marisol Whitaker,2,,
INC0470083,04/25/2026 16:32:28,05/01/2026 07:00:18,Sarah.Moore@northwindtel.com,Customer gets 'no ID for the provided email could be found' when logging in - 7000025061,Sarah Moore,Resolved - User Education,User Education: Customer was using the residential portal. Directed to the Business Hub login page.,4 - Low,BUS Sales Ordering and Digital Support,IT Enterprise Digital Portal,IT Digital Account Management,,4,Marisol Whitaker,Closed,,04/26/2026 07:22:42,Marisol Whitaker,Access/Login/Permission Issue,,,,False,,,"Marketing, Sales & Billing Applications",05/01/2026 07:00:18,Marisol Whitaker,5,,
INC0460293,04/26/2026 08:15:40,05/15/2026 04:00:07,Debra.Morton@northwindtel.com,No access to the business portal. - 7000031537,Debra Morton,Resolved - User Education,**MIGRATED TICKET FROM MASS MARKET SIDE TO HUB PORTAL** The user is now set up in the HUB Portal and is able to view their account.,4 - Low,BUS Sales Ordering and Digital Support,BOSS CPQ BBBF IT Support,BOSS CPQ BBBF IT Support,,0,Marisol Whitaker,Closed,,05/10/2026 04:49:16,Marisol Whitaker,Access/Login/Permission Issue,,,,False,,,"Marketing, Sales & Billing Applications",05/15/2026 04:00:07,Marisol Whitaker,1,,
INC0461940,04/26/2026 09:56:37,05/01/2026 17:00:14,christine.wright@northwindtel.com,Customer gets 'no ID for the provided email could be found' when logging in - 7000024832,Christine Wright,Resolved - User Education,User Education: Customer was using the residential portal. Directed to the Business Hub login page.,4 - Low,BUS Sales Ordering and Digital Support,IT Enterprise Digital Portal,BOSS OM Enterprise Wholesale IT Support,,1,Marisol Whitaker,Closed,,04/26/2026 17:11:55,Marisol Whitaker,Access/Login/Permission Issue,,,,False,,,"Marketing, Sales & Billing Applications",05/01/2026 17:00:14,Marisol Whitaker,2,,
INC0462314,04/26/2026 14:44:16,05/12/2026 21:00:05,Danny.Morgan@northwindtel.com,An account could not be found for the provided user id - ,Danny Morgan,Resolved - User Education,per HUB IT: Account was migrated and is available in the Business HUB. A new invite was sent to Danny.Morgan@northwindtel.com.,4 - Low,BUS Sales Ordering and Digital Support,IT Enterprise Digital Portal,IT Enterprise Digital Portal,,0,Priya Raman,Closed,,05/07/2026 21:54:53,Priya Raman,Access/Login/Permission Issue,,,,False,,,"Marketing, Sales & Billing Applications",05/12/2026 21:00:05,Priya Raman,0,,
INC0462020,04/26/2026 18:12:18,05/04/2026 19:00:06,kathy.rivas@northwindtel.com,Customer gets 'no ID for the provided email could be found' when logging in - 434388027,Kathy Rivas,Resolved - User Education,User Education: Customer was using the residential portal. Directed to the Business Hub login page.,4 - Low,BUS Sales Ordering and Digital Support,IT Enterprise Digital Portal,IT Digital Account Management,,3,Derek Okafor,Closed,,04/29/2026 19:37:29,Derek Okafor,Access/Login/Permission Issue,,,,False,,,"Marketing, Sales & Billing Applications",05/04/2026 19:00:06,Derek Okafor,4,,
INC0457168,04/28/2026 09:12:52,05/03/2026 12:00:08,Patricia.Rodriguez@northwindtel.com,Complete disconnection and stop billing - 424028790,Patricia Rodriguez,Resolved - User Education,UE - Disconnect. Per IT: There is active service on the BAN; please perform disconnect action using the provided link.,4 - Low,BUS Sales Ordering and Digital Support,BOSS CPQ Voice Plus IT Support,BOSS CPQ Voice Plus IT Support,,0,Derek Okafor,Closed,,04/28/2026 12:35:56,Derek Okafor,Disconnecting a Customer/Service Issue,,,,False,,,"Marketing, Sales & Billing Applications",05/03/2026 12:00:08,Derek Okafor,2,,
INC0460216,04/28/2026 12:36:23,05/16/2026 07:00:15,robert.oconnell@northwindtel.com,Unable to add additional admin user to Hub profile - 309595128,Robert Oconnell,Resolved - User Education,User Education: Only the primary admin can invite additional admins under User Management.,4 - Low,BUS Sales Ordering and Digital Support,IT Enterprise Digital Portal,IT Northwind Mobile App,,2,Marisol Whitaker,Closed,,05/11/2026 07:24:02,Marisol Whitaker,Access/Login/Permission Issue,,,,False,,,"Marketing, Sales & Billing Applications",05/16/2026 07:00:15,Marisol Whitaker,4,,
INC0474282,04/28/2026 16:09:58,05/03/2026 20:00:16,julie.alexander@northwindtel.com,Caller ID incorrect name displayed - 414920001,Julie Alexander,Resolved - User Education,"UE - Caller ID. Per IT: Change order was performed incorrectly, which is why Caller ID was not updated.",4 - Low,BUS Sales Ordering and Digital Support,IT Enterprise Digital Portal,IT Northwind Mobile App,,1,Marisol Whitaker,Closed,,04/28/2026 20:53:00,Marisol Whitaker,Plan Change Issue,,,,False,,,"Marketing, Sales & Billing Applications",05/03/2026 20:00:16,Marisol Whitaker,1,,
INC0471358,04/28/2026 17:36:06,05/04/2026 01:00:10,jonathan.peterson@northwindtel.com,453769168 - Small Business,Jonathan Peterson,Resolved - User Education,per HUB IT: Account was migrated and is available in the Business HUB. A new invite was sent to jonathan.peterson@northwindtel.com.,3 - Moderate,BUS Sales Ordering and Digital Support,IT Enterprise Digital Portal,BOSS CPQ BBBF IT Support,,3,Marisol Whitaker,Closed,,04/29/2026 01:06:50,Marisol Whitaker,Access/Login/Permission Issue,,,,False,,,"Marketing, Sales & Billing Applications",05/04/2026 01:00:10,Marisol Whitaker,5,,
INC0472954,04/29/2026 12:55:43,05/17/2026 07:00:03,noah.rhodes@northwindtel.com,An account could not be found for the provided user id - ,Noah Rhodes,Resolved - User Education,per HUB IT: Account was migrated and is available in the Business HUB. A new invite was sent to noah.rhodes@northwindtel.com.,4 - Low,BUS Sales Ordering and Digital Support,IT Enterprise Digital Portal,IT Enterprise Digital Portal,,0,Marisol Whitaker,Closed,,05/12/2026 07:03:51,Marisol Whitaker,Access/Login/Permission Issue,,,,False,,,"Marketing, Sales & Billing Applications",05/17/2026 07:00:03,Marisol Whitaker,2,,
INC0474309,04/30/2026 13:54:35,05/16/2026 23:00:19,Richard.Aguirre@northwindtel.com,Unable to add additional admin user to Hub profile - 449321376,Richard Aguirre,Resolved - User Education,User Education: Only the primary admin can invite additional admins under User Management.,4 - Low,BUS Sales Ordering and Digital Support,IT Enterprise Digital Portal,BOSS OM Enterprise Wholesale IT Support,,2,Derek Okafor,Closed,,05/11/2026 23:09:42,Derek Okafor,Access/Login/Permission Issue,,,,False,,,"Marketing, Sales & Billing Applications",05/16/2026 23:00:19,Derek Okafor,3,,
INC0460702,04/30/2026 17:41:29,05/14/2026 09:23:47,Cheyenne.Horton@northwindtel.com,Order Id 5540180 - Change Billing says no product found - ,Cheyenne Horton,Resolved - User Education,Per IT - The given BAN 7000014357 does not have contracts. Please correct to a valid BAN and try again.,4 - Low,BUS Sales Ordering and Digital Support,BOSS CPQ Enterprise IT Support,IT Digital Account Management,,1,Derek Okafor,Resolved,,05/14/2026 00:46:47,Derek Okafor,Application Issue,,,,False,,,"Marketing, Sales & Billing Applications",,,3,,
INC0455116,05/01/2026 07:45:16,05/06/2026 16:00:01,lisa.hensley@northwindtel.com,Returned VOIP phone still being charged - 7000033208,Lisa Hensley,Resolved - User Education,User Education: Devices cannot be removed unless returned within 30 days in new condition.,4 - Low,BUS Sales Ordering and Digital Support,IT Enterprise Digital Portal,BOSS AD IT Support,,1,Marisol Whitaker,Closed,,05/01/2026 16:47:09,Marisol Whitaker,Billing Issue,,,,False,,,"Marketing, Sales & Billing Applications",05/06/2026 16:00:01,Marisol Whitaker,3,,
INC0463698,05/01/2026 18:22:45,05/07/2026 00:00:18,joseph.coleman@northwindtel.com,Change of Ownership order does not carry over Circuit ID from old BAN to new - 7000033256,Joseph Coleman,Resolved - User Education,User Education: DIA changes cannot be submitted through BOSS OM.,4 - Low,BUS Sales Ordering and Digital Support,IT Enterprise Digital Portal,Northwind POTS DSL Application,,1,Derek Okafor,Closed,,05/02/2026 00:05:08,Derek Okafor,Order Fallout,,,,False,,,"Marketing, Sales & Billing Applications",05/07/2026 00:00:18,Derek Okafor,1,,
INC0462846,05/03/2026 13:32:45,05/23/2026 09:00:06,derek.zuniga@northwindtel.com,No access to the business portal. - 477194345,Derek Zuniga,Resolved - User Education,**MIGRATED TICKET FROM MASS MARKET SIDE TO HUB PORTAL** The user is now set up in the HUB Portal and is able to view their account.,4 - Low,BUS Sales Ordering and Digital Support,BOSS CPQ Enterprise IT Support,BOSS OM Enterprise Wholesale IT Support,,1,Marisol Whitaker,Closed,,05/18/2026 09:50:50,Marisol Whitaker,Access/Login/Permission Issue,,,,False,,,"Marketing, Sales & Billing Applications",05/23/2026 09:00:06,Marisol Whitaker,2,,
INC0466850,05/03/2026 15:47:46,05/09/2026 02:00:05,april.frost@northwindtel.com,Property manager unable to view invoices in the HUB - 7000021048,April Frost,Resolved - User Education,User Education: Property manager must be invited by the account admin.,4 - Low,BUS Sales Ordering and Digital Support,BOSS CPQ BBBF IT Support,BOSS CPQ BBBF IT Support,,0,Derek Okafor,Closed,,05/04/2026 02:10:59,Derek Okafor,Customer Account Issue,,,,False,,,"Marketing, Sales & Billing Applications",05/09/2026 02:00:05,Derek Okafor,1,,
INC0472403,05/04/2026 10:16:07,05/17/2026 01:00:03,Daniel.Salinas@northwindtel.com,Link account to customer business hub - 7000024707,Daniel Salinas,Resolved - User Education,User Education: Customer can add the BAN themselves under My Profile > Linked Accounts.,4 - Low,BUS Sales Ordering and Digital Support,IT Enterprise Digital Portal,IT Enterprise Digital Portal,,0,Marisol Whitaker,Closed,,05/12/2026 01:51:59,Marisol Whitaker,Access/Login/Permission Issue,,,,False,,,"Marketing, Sales & Billing Applications",05/17/2026 01:00:03,Marisol Whitaker,1,,
INC0462055,05/04/2026 15:15:19,05/09/2026 22:00:18,lindsay.martinez@northwindtel.com,Unable to process Premium Fiber MTM - 7000015566,Lindsay Martinez,Resolved - User Education,User Education: MTM is not available for Premium Fiber.,4 - Low,BUS Sales Ordering and Digital Support,IT Enterprise Digital Portal,BOSS OM IT Support,,1,Priya Raman,Closed,,05/04/2026 22:59:25,Priya Raman,Order Issue,,,,False,,,"Marketing, Sales & Billing Applications",05/09/2026 22:00:18,Priya Raman,2,,
INC0470623,05/04/2026 16:31:25,05/12/2026 03:00:03,Allison.Hill@northwindtel.com,An account could not be found for the provided user id - ,Allison Hill,Resolved - User Education,per HUB IT: Account was migrated and is available in the Business HUB. A new invite was sent to Allison.Hill@northwindtel.com.,4 - Low,BUS Sales Ordering and Digital Support,IT Enterprise Digital Portal,BOSS OM Enterprise Wholesale IT Support,,1,Marisol Whitaker,Closed,,05/07/2026 03:20:13,Marisol Whitaker,Access/Login/Permission Issue,,,,False,,,"Marketing, Sales & Billing Applications",05/12/2026 03:00:03,Marisol Whitaker,1,,
INC0459532,05/05/2026 07:00:42,05/10/2026 22:00:02,danny.morgan@northwindtel.com,No Welcome email - ,Danny Morgan,Resolved - User Education,per HUB IT: Welcome email resent; user must check spam folder.,4 - Low,BUS Sales Ordering and Digital Support,IT Enterprise Digital Portal,IT Enterprise Digital Portal,,0,Marisol Whitaker,Closed,,05/05/2026 22:04:45,Marisol Whitaker,Configuration Issue,,,,False,,,"Marketing, Sales & Billing Applications",05/10/2026 22:00:02,Marisol Whitaker,1,,
INC0474498,05/06/2026 07:12:09,05/27/2026 09:00:18,jeffrey.chavez@northwindtel.com,Unable to add additional admin user to Hub profile - 440302155,Jeffrey Chavez,Resolved - User Education,User Education: Only the primary admin can invite additional admins under User Management.,4 - Low,BUS Sales Ordering and Digital Support,IT Enterprise Digital Portal,IT Enterprise Digital Portal,,0,Marisol Whitaker,Closed,,05/22/2026 09:14:13,Marisol Whitaker,Access/Login/Permission Issue,,,,False,,,"Marketing, Sales & Billing Applications",05/27/2026 09:00:18,Marisol Whitaker,1,,
INC0458928,05/07/2026 08:10:36,05/14/2026 15:00:00,Lindsey.Walker@northwindtel.com,Phone disconnected by mistake (488) 488-2691 - 409122981,Lindsey Walker,Resolved – Permanent Fix Applied,Service restored per IT; order corrected.,4 - Low,BUS Sales Ordering and Digital Support,IT Enterprise Digital Portal,BOSS CPQ BBBF IT Support,,1,Derek Okafor,Closed,,05/09/2026 15:45:17,Derek Okafor,Order Issue,,,,False,,,"Marketing, Sales & Billing Applications",05/14/2026 15:00:00,Derek Okafor,2,,
INC0462164,05/07/2026 16:24:14,05/14/2026 02:00:12,garrett.lin@northwindtel.com,7000035614 - Small Business,Garrett Lin,Resolved - User Education,per HUB IT: Account was migrated and is available in the Business HUB. A new invite was sent to garrett.lin@northwindtel.com.,4 - Low,BUS Sales Ordering and Digital Support,BOSS CPQ BBBF IT Support,IT Service Desk,,2,Marisol Whitaker,Closed,,05/09/2026 02:41:36,Marisol Whitaker,Access/Login/Permission Issue,,,,False,,,"Marketing, Sales & Billing Applications",05/14/2026 02:00:12,Marisol Whitaker,5,,
INC0472332,05/08/2026 07:57:29,05/13/2026 17:00:03,alex.hernandez@northwindtel.com,474048976 - Small Business,Alex Hernandez,Resolved – Permanent Fix Applied,This BAN is now available in the HUB for this user.,4 - Low,BUS Sales Ordering and Digital Support,IT Enterprise Digital Portal,IT Enterprise Digital Portal,,0,Derek Okafor,Closed,,05/08/2026 17:47:15,Derek Okafor,Access/Login/Permission Issue,,,,False,,,"Marketing, Sales & Billing Applications",05/13/2026 17:00:03,Derek Okafor,1,,
INC0463650,05/08/2026 15:59:39,05/17/2026 10:00:18,melissa.martinez@northwindtel.com,Customer gets 'no ID for the provided email could be found' when logging in - 7000010345,Melissa Martinez,Resolved - User Education,User Education: Customer was using the residential portal. Directed to the Business Hub login page.,4 - Low,BUS Sales Ordering and Digital Support,IT Enterprise Digital Portal,BOSS OM Enterprise Wholesale IT Support,,3,Marisol Whitaker,Closed,,05/12/2026 10:34:29,Marisol Whitaker,Access/Login/Permission Issue,,,,False,,,"Marketing, Sales & Billing Applications",05/17/2026 10:00:18,Marisol Whitaker,3,,
INC0458368,05/09/2026 11:46:23,05/14/2026 16:00:07,Shane.Henderson@northwindtel.com,Session expired error immediately after login - ,Shane Henderson,Resolved - User Education,"Please advise the user: clear browsing history, try an incognito window. This error displays if accessing from outside the US.",4 - Low,BUS Sales Ordering and Digital Support,IT Enterprise Digital Portal,BOSS OM IT Support,,3,Marisol Whitaker,Closed,,05/09/2026 16:42:01,Marisol Whitaker,Access/Login/Permission Issue,,,,False,,,"Marketing, Sales & Billing Applications",05/14/2026 16:00:07,Marisol Whitaker,4,,
INC0467098,05/10/2026 13:01:31,05/28/2026 23:00:07,sharon.cochran@northwindtel.com,Customer gets 'no ID for the provided email could be found' when logging in - 7000018255,Sharon Cochran,Resolved – Permanent Fix Applied,The BAN is now available in the HUB for this user.,4 - Low,BUS Sales Ordering and Digital Support,IT Enterprise Digital Portal,IT Enterprise Digital Portal,,0,Marisol Whitaker,Closed,,05/23/2026 23:11:27,Marisol Whitaker,Access/Login/Permission Issue,,,,False,,,"Marketing, Sales & Billing Applications",05/28/2026 23:00:07,Marisol Whitaker,1,,
INC0463583,05/10/2026 13:43:37,05/17/2026 12:00:02,denise.jacobs@northwindtel.com,Customer cannot sign in to the Business Hub since account was created - 420518935,Denise Jacobs,Resolved - User Education,"Everything looks good on our end. The user completed their profile. If they still can't log in, ask the user to clear browser cache and try an incognito window.",4 - Low,BUS Sales Ordering and Digital Support,IT Enterprise Digital Portal,BOSS AD IT Support,,1,Marisol Whitaker,Closed,,05/12/2026 12:28:54,Marisol Whitaker,Access/Login/Permission Issue,,,,False,,,"Marketing, Sales & Billing Applications",05/17/2026 12:00:02,Marisol Whitaker,2,,
INC0470236,05/11/2026 13:14:15,05/16/2026 17:00:00,crystal.robinson@northwindtel.com,Trying to upgrade to 2G on BAN 7000005975 but no speeds available at location - ,Crystal Robinson,Resolved - User Education,UE - Service Qualification. Per IT: No speeds returned from qualification for this address.,4 - Low,BUS Sales Ordering and Digital Support,IT Enterprise Digital Portal,Northwind POTS DSL Application,,1,Marisol Whitaker,Closed,,05/11/2026 17:04:32,Marisol Whitaker,Order Issue,,,,False,,,"Marketing, Sales & Billing Applications",05/16/2026 17:00:00,Marisol Whitaker,2,,
INC0473166,05/12/2026 08:39:06,05/17/2026 15:00:00,Ashley.Waller@northwindtel.com,User locked out of Hub after password reset - 7000032222,Ashley Waller,Resolved - User Education,User Education: Account unlocks automatically after 30 minutes. Advised user to use 'Forgot Password' link once.,4 - Low,BUS Sales Ordering and Digital Support,IT Enterprise Digital Portal,BOSS OM Enterprise Wholesale IT Support,,1,Marisol Whitaker,Closed,,05/12/2026 15:45:41,Marisol Whitaker,Access/Login/Permission Issue,,,,False,,,"Marketing, Sales & Billing Applications",05/17/2026 15:00:00,Marisol Whitaker,3,,
INC0470423,05/13/2026 13:38:17,05/28/2026 12:00:20,angela.lopez@northwindtel.com,Unable to add additional admin user to Hub profile - 329936969,Angela Lopez,Resolved - User Education,User Education: Only the primary admin can invite additional admins under User Management.,4 - Low,BUS Sales Ordering and Digital Support,IT Enterprise Digital Portal,BOSS OM Enterprise Wholesale IT Support,,3,Marisol Whitaker,Closed,,05/23/2026 12:01:48,Marisol Whitaker,Access/Login/Permission Issue,,,,False,,,"Marketing, Sales & Billing Applications",05/28/2026 12:00:20,Marisol Whitaker,5,,
INC0458655,05/14/2026 11:54:34,05/26/2026 06:00:06,aaron.wise@northwindtel.com,No access to the business portal. - 7000026794,Aaron Wise,Resolved - User Education,**MIGRATED TICKET FROM MASS MARKET SIDE TO HUB PORTAL** The user is now set up in the HUB Portal and is able to view their account.,4 - Low,BUS Sales Ordering and Digital Support,IT Enterprise Digital Portal,BOSS OM IT Support,,2,Marisol Whitaker,Closed,,05/21/2026 06:17:35,Marisol Whitaker,Access/Login/Permission Issue,,,,False,,,"Marketing, Sales & Billing Applications",05/26/2026 06:00:06,Marisol Whitaker,4,,
INC0459828,05/14/2026 13:11:52,05/27/2026 23:00:14,kenneth.scott@northwindtel.com,An account could not be found for the provided user id - ,Kenneth Scott,Resolved - User Education,per HUB IT: Account was migrated and is available in the Business HUB. A new invite was sent to kenneth.scott@northwindtel.com.,3 - Moderate,BUS Sales Ordering and Digital Support,DIA IT Support,BOSS AD IT Support,,1,Marisol Whitaker,Closed,,05/22/2026 23:34:27,Marisol Whitaker,Access/Login/Permission Issue,,,,False,,,"Marketing, Sales & Billing Applications",05/27/2026 23:00:14,Marisol Whitaker,5,,
INC0462186,05/14/2026 14:44:09,05/21/2026 18:00:16,daniel.murphy@northwindtel.com,No access to the business portal. - 7000007588,Daniel Murphy,Resolved – Permanent Fix Applied,This BAN is now available in the HUB for this user.,4 - Low,BUS Sales Ordering and Digital Support,IT Enterprise Digital Portal,IT Enterprise Digital Portal,,2,Marisol Whitaker,Closed,,05/16/2026 18:37:23,Marisol Whitaker,Access/Login/Permission Issue,,,,False,,,"Marketing, Sales & Billing Applications",05/21/2026 18:00:16,Marisol Whitaker,3,,
INC0467108,05/14/2026 16:26:18,06/04/2026 16:00:00,jessica.smith@northwindtel.com,Link account to customer business hub - 7000004211,Jessica Smith,Resolved - User Education,User Education: Customer can add the BAN themselves under My Profile > Linked Accounts.,4 - Low,BUS Sales Ordering and Digital Support,IT Enterprise Digital Portal,BOSS OM Enterprise Wholesale IT Support,,2,Marisol Whitaker,Closed,,05/30/2026 16:09:44,Marisol Whitaker,Access/Login/Permission Issue,,,,False,,,"Marketing, Sales & Billing Applications",06/04/2026 16:00:00,Marisol Whitaker,4,,
INC0456501,05/15/2026 07:47:13,05/20/2026 12:00:01,dustin.jordan@northwindtel.com,7000030302 - Small Business,Dustin Jordan,Resolved - User Education,per HUB IT: Account was migrated and is available in the Business HUB. A new invite was sent to dustin.jordan@northwindtel.com.,4 - Low,BUS Sales Ordering and Digital Support,BOSS CPQ Enterprise IT Support,BOSS CPQ Enterprise IT Support,,0,Derek Okafor,Closed,,05/15/2026 12:32:23,Derek Okafor,Access/Login/Permission Issue,,,,False,,,"Marketing, Sales & Billing Applications",05/20/2026 12:00:01,Derek Okafor,2,,
INC0455212,05/15/2026 11:20:07,05/22/2026 19:00:07,jamie.arnold@northwindtel.com,Customer gets 'no ID for the provided email could be found' when logging in - 314705420,Jamie Arnold,Resolved – Permanent Fix Applied,The BAN is now available in the HUB for this user.,4 - Low,BUS Sales Ordering and Digital Support,BOSS CPQ BBBF IT Support,BOSS OM Enterprise Wholesale IT Support,,2,Marisol Whitaker,Closed,,05/17/2026 19:08:39,Marisol Whitaker,Access/Login/Permission Issue,,,,False,,,"Marketing, Sales & Billing Applications",05/22/2026 19:00:07,Marisol Whitaker,5,,
INC0462002,05/15/2026 14:09:18,05/20/2026 15:00:09,Lisa.Hensley@northwindtel.com,UI not advancing to create order package in QUO0150854 - pls advise - ,Lisa Hensley,Resolved - User Education,User Education - LOA - Wrong file type name used.,4 - Low,BUS Sales Ordering and Digital Support,BOSS CPQ Enterprise IT Support,BOSS CPQ Enterprise IT Support,,0,Marisol Whitaker,Closed,,05/15/2026 15:32:44,Marisol Whitaker,Functionality Issue,,,,False,,,"Marketing, Sales & Billing Applications",05/20/2026 15:00:09,Marisol Whitaker,4,,
INC0474879,05/15/2026 14:29:59,05/27/2026 09:00:08,michelle.brown@northwindtel.com,Customer gets 'no ID for the provided email could be found' when logging in - 7000036089,Michelle Brown,Resolved - User Education,User Education: Customer was using the residential portal. Directed to the Business Hub login page.,4 - Low,BUS Sales Ordering and Digital Support,BOSS CPQ Voice Plus IT Support,Northwind POTS DSL Application,,1,Marisol Whitaker,Closed,,05/22/2026 09:23:08,Marisol Whitaker,Access/Login/Permission Issue,,,,False,,,"Marketing, Sales & Billing Applications",05/27/2026 09:00:08,Marisol Whitaker,2,,
INC0474548,05/16/2026 07:56:38,05/21/2026 08:00:16,shane.henderson@northwindtel.com,Customer cannot sign in to the Business Hub since account was created - 7000005345,Shane Henderson,Resolved - User Education,"Everything looks good on our end. The user completed their profile. If they still can't log in, ask the user to clear browser cache and try an incognito window.",4 - Low,BUS Sales Ordering and Digital Support,IT Enterprise Digital Portal,IT Northwind Mobile App,,1,Marisol Whitaker,Closed,,05/16/2026 08:42:46,Marisol Whitaker,Access/Login/Permission Issue,,,,False,,,"Marketing, Sales & Billing Applications",05/21/2026 08:00:16,Marisol Whitaker,2,,
INC0460854,05/16/2026 12:01:26,05/21/2026 13:00:20,dr..warren@northwindtel.com,An account could not be found for the provided user id - ,Dr. William Warren,Resolved - User Education,per HUB IT: Account was migrated and is available in the Business HUB. A new invite was sent to dr..warren@northwindtel.com.,4 - Low,BUS Sales Ordering and Digital Support,BOSS CPQ BBBF IT Support,BOSS OM IT Support,,1,Marisol Whitaker,Closed,,05/16/2026 13:15:26,Marisol Whitaker,Access/Login/Permission Issue,,,,False,,,"Marketing, Sales & Billing Applications",05/21/2026 13:00:20,Marisol Whitaker,1,,
INC0455819,05/17/2026 10:53:40,05/22/2026 13:00:02,Joshua.Perry@northwindtel.com,Unable to add additional admin user to Hub profile - 7000035905,Joshua Perry,Resolved - User Education,User Education: Only the primary admin can invite additional admins under User Management.,4 - Low,BUS Sales Ordering and Digital Support,IT Enterprise Digital Portal,BOSS CPQ Enterprise IT Support,,1,Marisol Whitaker,Closed,,05/17/2026 13:19:47,Marisol Whitaker,Access/Login/Permission Issue,,,,False,,,"Marketing, Sales & Billing Applications",05/22/2026 13:00:02,Marisol Whitaker,3,,
INC0460449,05/17/2026 16:54:14,05/24/2026 19:59:00,joshua.cooke@northwindtel.com,Link account to customer business hub - 317545108,Joshua Cooke,Resolved - User Education,User Education: Customer can add the BAN themselves under My Profile > Linked Accounts.,4 - Low,BUS Sales Ordering and Digital Support,BOSS CPQ Enterprise IT Support,BOSS OM Enterprise Wholesale IT Support,,2,Marisol Whitaker,Resolved,,05/24/2026 10:53:00,Marisol Whitaker,Access/Login/Permission Issue,,,,False,,,SAP Applications,,,3,,
INC0460064,05/17/2026 18:40:07,05/25/2026 06:00:10,jessica.smith@northwindtel.com,Session expired error immediately after login - ,Jessica Smith,Resolved - User Education,"Please advise the user: clear browsing history, try an incognito window. This error displays if accessing from outside the US.",4 - Low,BUS Sales Ordering and Digital Support,IT Enterprise Digital Portal,BOSS OM Enterprise Wholesale IT Support,,4,Derek Okafor,Closed,,05/20/2026 06:01:24,Derek Okafor,Access/Login/Permission Issue,,,,False,,,"Marketing, Sales & Billing Applications",05/25/2026 06:00:10,Derek Okafor,4,,
INC0460182,05/18/2026 09:26:32,05/23/2026 10:00:08,Lisa.Archer@northwindtel.com,"7000012748 upgrade to 2G not allowed, shows no packages available - 7000012748",Lisa Archer,Resolved - User Education,"User Education - the agent removed the term from the quote, which prevented selecting new products.",4 - Low,BUS Sales Ordering and Digital Support,IT Enterprise Digital Portal,IT Digital Account Management,,2,Derek Okafor,Closed,,05/18/2026 10:33:43,Derek Okafor,Other,,,,False,,,"Marketing, Sales & Billing Applications",05/23/2026 10:00:08,Derek Okafor,6,,
INC0460801,05/18/2026 11:39:32,05/23/2026 16:00:15,rebecca.valencia@northwindtel.com,ADD BAN TO HUB PROFILE - 7000005195,Rebecca Valencia,Resolved – Permanent Fix Applied,"Hello, this BAN is now part of this user in the HUB.",4 - Low,BUS Sales Ordering and Digital Support,IT Enterprise Digital Portal,IT Digital Account Management,,3,Marisol Whitaker,Closed,,05/18/2026 16:06:37,Marisol Whitaker,Configuration Issue,,,,False,,,"Marketing, Sales & Billing Applications",05/23/2026 16:00:15,Marisol Whitaker,6,,
INC0474155,05/18/2026 17:45:57,05/23/2026 23:00:19,michelle.brown@northwindtel.com,Link account to customer business hub - 7000004183,Michelle Brown,Resolved - User Education,User Education: Customer can add the BAN themselves under My Profile > Linked Accounts.,4 - Low,BUS Sales Ordering and Digital Support,IT Enterprise Digital Portal,BOSS OM Enterprise Wholesale IT Support,,1,Marisol Whitaker,Closed,,05/18/2026 23:04:55,Marisol Whitaker,Access/Login/Permission Issue,,,,False,,,"Marketing, Sales & Billing Applications",05/23/2026 23:00:19,Marisol Whitaker,3,,
INC0464146,05/19/2026 15:28:07,05/26/2026 17:00:05,michael.evans@northwindtel.com,Customer not receiving verification codes - ,Michael Evans,Resolved - User Education,per HUB IT: User is pending acceptance of T&C. User needs to accept T&C to receive the verification code.,4 - Low,BUS Sales Ordering and Digital Support,IT Enterprise Digital Portal,Northwind POTS DSL Application,,2,Marisol Whitaker,Closed,,05/21/2026 17:25:05,Marisol Whitaker,Access/Login/Permission Issue,,,,False,,,"Marketing, Sales & Billing Applications",05/26/2026 17:00:05,Marisol Whitaker,4,,
INC0463742,05/19/2026 16:48:50,05/25/2026 11:00:07,christina.walters@northwindtel.com,Unable to add Voice+ service - N/A,Christina Walters,Resolved - User Education,User Education - BrightQuote is only available for fiber orders. Add Voice+ in CPQ once done with the fiber portion.,4 - Low,BUS Sales Ordering and Digital Support,IT Enterprise Digital Portal,IT Digital Account Management,,1,Derek Okafor,Closed,,05/20/2026 11:37:36,Derek Okafor,Order Issue,,,,False,,,"Marketing, Sales & Billing Applications",05/25/2026 11:00:07,Derek Okafor,2,,
INC0473390,05/20/2026 15:07:29,05/27/2026 23:00:11,Jeffrey.Chandler@northwindtel.com,Discount no longer applied to customer - 7000026044,Jeffrey Chandler,Resolved - User Education,User Education: MTM Discount does not extend past one year.,4 - Low,BUS Sales Ordering and Digital Support,IT Enterprise Digital Portal,BOSS CPQ Enterprise IT Support,,1,Marisol Whitaker,Closed,,05/22/2026 23:03:41,Marisol Whitaker,Billing Issue,,,,False,,,"Marketing, Sales & Billing Applications",05/27/2026 23:00:11,Marisol Whitaker,3,,
INC0461286,05/21/2026 07:42:17,05/26/2026 15:00:01,daniel.wagner@northwindtel.com,7000018404 - Small Business,Daniel Wagner,Resolved - User Education,per HUB IT: Account was migrated and is available in the Business HUB. A new invite was sent to daniel.wagner@northwindtel.com.,4 - Low,BUS Sales Ordering and Digital Support,IT Enterprise Digital Portal,BOSS OM BBBF IT Support,,2,Derek Okafor,Closed,,05/21/2026 15:25:16,Derek Okafor,Access/Login/Permission Issue,,,,False,,,"Marketing, Sales & Billing Applications",05/26/2026 15:00:01,Derek Okafor,3,,
INC0462628,05/22/2026 13:43:38,06/02/2026 03:00:17,amber.kidd@northwindtel.com,An account could not be found for the provided user id - ,Amber Kidd,Resolved - User Education,per HUB IT: Account was migrated and is available in the Business HUB. A new invite was sent to amber.kidd@northwindtel.com.,4 - Low,BUS Sales Ordering and Digital Support,BOSS CPQ Enterprise IT Support,BOSS OM Enterprise Wholesale IT Support,,1,Marisol Whitaker,Closed,,05/28/2026 03:26:41,Marisol Whitaker,Access/Login/Permission Issue,,,,False,,,"Marketing, Sales & Billing Applications",06/02/2026 03:00:17,Marisol Whitaker,10,,
INC0464299,05/23/2026 07:01:32,05/30/2026 00:00:19,derek.zuniga@northwindtel.com,Unable to add additional admin user to Hub profile - 436020958,Derek Zuniga,Resolved - User Education,User Education: Only the primary admin can invite additional admins under User Management.,4 - Low,BUS Sales Ordering and Digital Support,IT Enterprise Digital Portal,BOSS OM Enterprise Wholesale IT Support,,2,Marisol Whitaker,Closed,,05/25/2026 00:22:31,Marisol Whitaker,Access/Login/Permission Issue,,,,False,,,"Marketing, Sales & Billing Applications",05/30/2026 00:00:19,Marisol Whitaker,3,,
INC0464606,05/23/2026 15:44:17,05/24/2026 02:09:42,Lauren.Daniels@northwindtel.com,No access to the business portal. - 7000016806,Lauren Daniels,Resolved - User Education,**MIGRATED TICKET FROM MASS MARKET SIDE TO HUB PORTAL** The user is now set up in the HUB Portal and is able to view their account.,3 - Moderate,BUS Sales Ordering and Digital Support,IT Enterprise Digital Portal,BOSS OM IT Support,,1,Marisol Whitaker,Resolved,,05/23/2026 17:05:42,Marisol Whitaker,Access/Login/Permission Issue,,,,False,,,"Marketing, Sales & Billing Applications",,,4,,
INC0472570,05/24/2026 07:24:53,06/07/2026 16:00:15,john.daniel@northwindtel.com,Unable to add additional admin user to Hub profile - 7000035471,John Daniel,Resolved - User Education,User Education: Only the primary admin can invite additional admins under User Management.,4 - Low,BUS Sales Ordering and Digital Support,IT Enterprise Digital Portal,IT Billing SAP BRIM Support,,1,Marisol Whitaker,Closed,,06/02/2026 16:26:06,Marisol Whitaker,Access/Login/Permission Issue,,,,False,,,"Marketing, Sales & Billing Applications",06/07/2026 16:00:15,Marisol Whitaker,2,,
INC0468306,05/25/2026 18:36:24,06/01/2026 12:00:16,Pamela.Boyd@northwindtel.com,435907404 - Small Business,Pamela Boyd,Resolved - User Education,per HUB IT: Account was migrated and is available in the Business HUB. A new invite was sent to Pamela.Boyd@northwindtel.com.,4 - Low,BUS Sales Ordering and Digital Support,IT Enterprise Digital Portal,BOSS OM Enterprise Wholesale IT Support,,3,Marisol Whitaker,Closed,,05/27/2026 12:53:20,Marisol Whitaker,Access/Login/Permission Issue,,,,False,,,"Marketing, Sales & Billing Applications",06/01/2026 12:00:16,Marisol Whitaker,7,,
INC0465134,05/26/2026 10:45:38,05/31/2026 14:00:10,garrett.lin@northwindtel.com,UPDATE PACKAGE TYPE TO ADVANCED - ,Garrett Lin,Resolved - User Education,User Education: Changing from Enhanced to Advanced requires an upgrade of the primary site.,4 - Low,BUS Sales Ordering and Digital Support,IT Enterprise Digital Portal,BOSS CPQ BBBF IT Support,,1,Marisol Whitaker,Closed,,05/26/2026 14:33:04,Marisol Whitaker,Data Issue,,,,False,,,"Marketing, Sales & Billing Applications",05/31/2026 14:00:10,Marisol Whitaker,2,,
INC0464722,05/27/2026 17:39:23,06/10/2026 08:00:03,angelica.tucker@northwindtel.com,User locked out of Hub after password reset - 303216226,Angelica Tucker,Resolved - User Education,User Education: Account unlocks automatically after 30 minutes. Advised user to use 'Forgot Password' link once.,4 - Low,BUS Sales Ordering and Digital Support,BOSS CPQ Enterprise IT Support,Northwind POTS DSL Application,,2,Marisol Whitaker,Closed,,06/05/2026 08:29:46,Marisol Whitaker,Access/Login/Permission Issue,,,,False,,,"Marketing, Sales & Billing Applications",06/10/2026 08:00:03,Marisol Whitaker,3,,
INC0456898,05/28/2026 10:09:21,06/04/2026 12:00:19,Victoria.Garcia@northwindtel.com,Customer gets 'no ID for the provided email could be found' when logging in - 7000004063,Victoria Garcia,Resolved – Permanent Fix Applied,The BAN is now available in the HUB for this user.,4 - Low,BUS Sales Ordering and Digital Support,IT Enterprise Digital Portal,Northwind POTS DSL Application,,2,Derek Okafor,Closed,,05/30/2026 12:11:58,Derek Okafor,Access/Login/Permission Issue,,,,False,,,"Marketing, Sales & Billing Applications",06/04/2026 12:00:19,Derek Okafor,3,,
INC0459090,05/28/2026 16:43:39,06/05/2026 15:00:11,michele.williams@northwindtel.com,Customer not receiving verification codes - ,Michele Williams,Resolved - User Education,per HUB IT: User is pending acceptance of T&C. User needs to accept T&C to receive the verification code.,4 - Low,BUS Sales Ordering and Digital Support,IT Enterprise Digital Portal,BOSS AD IT Support,,1,Marisol Whitaker,Closed,,05/31/2026 15:07:58,Marisol Whitaker,Access/Login/Permission Issue,,,,False,,,"Marketing, Sales & Billing Applications",06/05/2026 15:00:11,Marisol Whitaker,2,,
INC0463228,05/29/2026 07:20:22,06/03/2026 12:00:15,david.martinez@northwindtel.com,Unable to add Voice+ service - N/A,David Martinez,Resolved - User Education,User Education - BrightQuote is only available for fiber orders. Add Voice+ in CPQ once done with the fiber portion.,4 - Low,BUS Sales Ordering and Digital Support,IT Enterprise Digital Portal,BOSS OM BBBF IT Support,,2,Marisol Whitaker,Closed,,05/29/2026 12:16:40,Marisol Whitaker,Order Issue,,,,False,,,"Marketing, Sales & Billing Applications",06/03/2026 12:00:15,Marisol Whitaker,3,,
INC0464105,05/30/2026 11:46:54,06/07/2026 05:00:04,devon.flores@northwindtel.com,No Welcome email - ,Devon Flores,Resolved - User Education,per HUB IT: Welcome email resent; user must check spam folder.,4 - Low,BUS Sales Ordering and Digital Support,IT Enterprise Digital Portal,IT Digital Account Management,,1,Derek Okafor,Closed,,06/02/2026 05:47:15,Derek Okafor,Configuration Issue,,,,False,,,"Marketing, Sales & Billing Applications",06/07/2026 05:00:04,Derek Okafor,3,,
INC0456514,05/30/2026 12:01:26,06/07/2026 09:00:19,Spencer.Haynes@northwindtel.com,Customer not receiving verification codes - ,Spencer Haynes,Resolved - User Education,per HUB IT: User is pending acceptance of T&C. User needs to accept T&C to receive the verification code.,4 - Low,BUS Sales Ordering and Digital Support,BOSS CPQ BBBF IT Support,BOSS OM Enterprise Wholesale IT Support,,3,Marisol Whitaker,Closed,,06/02/2026 09:47:21,Marisol Whitaker,Access/Login/Permission Issue,,,,False,,,"Marketing, Sales & Billing Applications",06/07/2026 09:00:19,Marisol Whitaker,4,,
INC0463685,05/31/2026 11:34:20,06/05/2026 17:00:00,daniel.salinas@northwindtel.com,Session expired error immediately after login - ,Daniel Salinas,Resolved - User Education,"Please advise the user: clear browsing history, try an incognito window. This error displays if accessing from outside the US.",4 - Low,BUS Sales Ordering and Digital Support,IT Enterprise Digital Portal,Northwind POTS DSL Application,,1,Derek Okafor,Closed,,05/31/2026 17:49:21,Derek Okafor,Access/Login/Permission Issue,,,,False,,,"Marketing, Sales & Billing Applications",06/05/2026 17:00:00,Derek Okafor,2,,
INC0472338,06/02/2026 17:04:16,06/09/2026 23:00:20,eric.carney@northwindtel.com,Customer gets 'no ID for the provided email could be found' when logging in - 7000003564,Eric Carney,Resolved - User Education,User Education: Customer was using the residential portal. Directed to the Business Hub login page.,4 - Low,BUS Sales Ordering and Digital Support,IT Enterprise Digital Portal,BOSS OM Enterprise Wholesale IT Support,,1,Marisol Whitaker,Closed,,06/04/2026 23:30:31,Marisol Whitaker,Access/Login/Permission Issue,,,,False,,,"Marketing, Sales & Billing Applications",06/09/2026 23:00:20,Marisol Whitaker,2,,
INC0456929,06/03/2026 10:04:01,06/24/2026 08:00:18,sarah.moore@northwindtel.com,No access to the business portal. - 7000031057,Sarah Moore,Resolved - User Education,**MIGRATED TICKET FROM MASS MARKET SIDE TO HUB PORTAL** The user is now set up in the HUB Portal and is able to view their account.,4 - Low,BUS Sales Ordering and Digital Support,IT Enterprise Digital Portal,Northwind POTS DSL Application,,2,Marisol Whitaker,Closed,,06/19/2026 08:49:48,Marisol Whitaker,Access/Login/Permission Issue,,,,False,,,"Marketing, Sales & Billing Applications",06/24/2026 08:00:18,Marisol Whitaker,3,,
INC0457326,06/03/2026 14:39:23,06/08/2026 21:00:14,jordan.henderson@northwindtel.com,Customer not receiving verification codes - ,Jordan Henderson,Resolved - User Education,per HUB IT: User is pending acceptance of T&C. User needs to accept T&C to receive the verification code.,4 - Low,BUS Sales Ordering and Digital Support,IT Enterprise Digital Portal,BOSS OM BBBF IT Support,,1,Marisol Whitaker,Closed,,06/03/2026 21:06:56,Marisol Whitaker,Access/Login/Permission Issue,,,,False,,,"Marketing, Sales & Billing Applications",06/08/2026 21:00:14,Marisol Whitaker,2,,
INC0465278,06/03/2026 17:27:25,06/08/2026 21:00:15,daniel.kennedy@northwindtel.com,Session expired error immediately after login - ,Daniel Kennedy,Resolved - User Education,"Please advise the user: clear browsing history, try an incognito window. This error displays if accessing from outside the US.",4 - Low,BUS Sales Ordering and Digital Support,BOSS CPQ Voice Plus IT Support,BOSS CPQ BBBF IT Support,,1,Marisol Whitaker,Closed,,06/03/2026 21:06:27,Marisol Whitaker,Access/Login/Permission Issue,,,,False,,,"Marketing, Sales & Billing Applications",06/08/2026 21:00:15,Marisol Whitaker,1,,
INC0457848,06/03/2026 18:08:40,06/23/2026 16:00:15,sarah.moore@northwindtel.com,UI not advancing to create order package in QUO0151869 - pls advise - ,Sarah Moore,Resolved - User Education,User Education - LOA - Wrong file type name used.,4 - Low,BUS Sales Ordering and Digital Support,IT Enterprise Digital Portal,BOSS OM BBBF IT Support,,1,Marisol Whitaker,Closed,,06/18/2026 16:23:47,Marisol Whitaker,Functionality Issue,,,,False,,,"Marketing, Sales & Billing Applications",06/23/2026 16:00:15,Marisol Whitaker,3,,
INC0465929,06/04/2026 16:01:10,06/09/2026 20:51:24,brittney.phillips@northwindtel.com,Customer not receiving verification codes - ,Brittney Phillips,Resolved - User Education,per HUB IT: User is pending acceptance of T&C. User needs to accept T&C to receive the verification code.,4 - Low,BUS Sales Ordering and Digital Support,BOSS CPQ BBBF IT Support,BOSS AD IT Support,,1,Derek Okafor,Resolved,,06/09/2026 17:14:24,Derek Okafor,Access/Login/Permission Issue,,,,False,,,"Marketing, Sales & Billing Applications",,,3,,
INC0471617,06/05/2026 18:03:47,06/11/2026 01:00:13,mike.allen@northwindtel.com,Customer gets 'no ID for the provided email could be found' when logging in - 443964665,Mike Allen,Resolved - User Education,User Education: Customer was using the residential portal. Directed to the Business Hub login page.,4 - Low,BUS Sales Ordering and Digital Support,IT Enterprise Digital Portal,BOSS OM Enterprise Wholesale IT Support,,3,Marisol Whitaker,Closed,,06/06/2026 01:10:32,Marisol Whitaker,Access/Login/Permission Issue,,,,False,,,"Marketing, Sales & Billing Applications",06/11/2026 01:00:13,Marisol Whitaker,3,,
INC0473089,06/06/2026 10:19:49,06/12/2026 07:00:17,robert.potter@northwindtel.com,Complete disconnection and stop billing - 7000017325,Robert Potter,Resolved - User Education,UE - Disconnect. Per IT: There is active service on the BAN; please perform disconnect action using the provided link.,4 - Low,BUS Sales Ordering and Digital Support,IT Enterprise Digital Portal,BOSS OM Enterprise Wholesale IT Support,,2,Derek Okafor,Closed,,06/07/2026 07:35:45,Derek Okafor,Disconnecting a Customer/Service Issue,,,,False,,,"Marketing, Sales & Billing Applications",06/12/2026 07:00:17,Derek Okafor,3,,
INC0474121,06/06/2026 13:03:55,06/12/2026 05:00:14,Kathy.Rivas@northwindtel.com,Returned VOIP phone still being charged - 352222454,Kathy Rivas,Resolved - User Education,User Education: Devices cannot be removed unless returned within 30 days in new condition.,4 - Low,BUS Sales Ordering and Digital Support,IT Enterprise Digital Portal,BOSS OM Enterprise Wholesale IT Support,,3,Marisol Whitaker,Closed,,06/07/2026 05:51:23,Marisol Whitaker,Billing Issue,,,,False,,,"Marketing, Sales & Billing Applications",06/12/2026 05:00:14,Marisol Whitaker,4,,
INC0464688,06/06/2026 18:43:13,06/12/2026 01:00:07,spencer.haynes@northwindtel.com,Session expired error immediately after login - ,Spencer Haynes,Resolved - User Education,"Please advise the user: clear browsing history, try an incognito window. This error displays if accessing from outside the US.",4 - Low,BUS Sales Ordering and Digital Support,IT Enterprise Digital Portal,BOSS AD IT Support,,3,Marisol Whitaker,Closed,,06/07/2026 01:50:50,Marisol Whitaker,Access/Login/Permission Issue,,,,False,,,"Marketing, Sales & Billing Applications",06/12/2026 01:00:07,Marisol Whitaker,4,,
INC0469909,06/07/2026 12:37:01,06/12/2026 22:00:19,Jason.Powell@northwindtel.com,No access to the business portal. - 7000014777,Jason Powell,Resolved - User Education,**MIGRATED TICKET FROM MASS MARKET SIDE TO HUB PORTAL** The user is now set up in the HUB Portal and is able to view their account.,4 - Low,BUS Sales Ordering and Digital Support,IT Enterprise Digital Portal,BOSS OM IT Support,,2,Derek Okafor,Closed,,06/07/2026 22:40:41,Derek Okafor,Access/Login/Permission Issue,,,,False,,,"Marketing, Sales & Billing Applications",06/12/2026 22:00:19,Derek Okafor,3,,
INC0458060,06/07/2026 14:46:25,06/14/2026 12:00:04,Nathan.Freeman@northwindtel.com,Link account to customer business hub - 7000028434,Nathan Freeman,Resolved - User Education,User Education: Customer can add the BAN themselves under My Profile > Linked Accounts.,4 - Low,BUS Sales Ordering and Digital Support,IT Enterprise Digital Portal,BOSS OM BBBF IT Support,,2,Marisol Whitaker,Closed,,06/09/2026 12:38:31,Marisol Whitaker,Access/Login/Permission Issue,,,,False,,,"Marketing, Sales & Billing Applications",06/14/2026 12:00:04,Marisol Whitaker,3,,
INC0474726,06/08/2026 10:24:54,06/24/2026 06:00:09,lisa.jackson@northwindtel.com,Unable to reschedule wholesale orders in CPQ - ,Lisa Jackson,Resolved - User Education,User Education - Wholesale rescheduling automation.,4 - Low,BUS Sales Ordering and Digital Support,IT Enterprise Digital Portal,BOSS OM Enterprise Wholesale IT Support,,2,Marisol Whitaker,Closed,,06/19/2026 06:00:20,Marisol Whitaker,Other,,,,False,,,"Marketing, Sales & Billing Applications",06/24/2026 06:00:09,Marisol Whitaker,5,,
INC0469355,06/08/2026 14:47:48,06/14/2026 13:00:04,michele.williams@northwindtel.com,"331137000 upgrade to 2G not allowed, shows no packages available - 331137000",Michele Williams,Resolved - User Education,"User Education - the agent removed the term from the quote, which prevented selecting new products.",4 - Low,BUS Sales Ordering and Digital Support,IT Enterprise Digital Portal,IT Northwind Mobile App,,1,Marisol Whitaker,Closed,,06/09/2026 13:45:03,Marisol Whitaker,Other,,,,False,,,"Marketing, Sales & Billing Applications",06/14/2026 13:00:04,Marisol Whitaker,4,,
INC0455775,06/09/2026 09:27:17,06/14/2026 11:00:14,nathan.freeman@northwindtel.com,No access to the business portal. - 7000021460,Nathan Freeman,Resolved - User Education,**MIGRATED TICKET FROM MASS MARKET SIDE TO HUB PORTAL** The user is now set up in the HUB Portal and is able to view their account.,4 - Low,BUS Sales Ordering and Digital Support,IT Enterprise Digital Portal,IT Enterprise Digital Portal,,3,Marisol Whitaker,Closed,,06/09/2026 11:32:55,Marisol Whitaker,Access/Login/Permission Issue,,,,False,,,"Marketing, Sales & Billing Applications",06/14/2026 11:00:14,Marisol Whitaker,4,,
INC0461539,06/09/2026 12:09:19,06/15/2026 18:00:18,Mary.Marshall@northwindtel.com,User locked out of Hub after password reset - 7000027322,Mary Marshall,Resolved - User Education,User Education: Account unlocks automatically after 30 minutes. Advised user to use 'Forgot Password' link once.,4 - Low,BUS Sales Ordering and Digital Support,IT Enterprise Digital Portal,BOSS OM IT Support,,1,Marisol Whitaker,Closed,,06/10/2026 18:48:25,Marisol Whitaker,Access/Login/Permission Issue,,,,False,,,"Marketing, Sales & Billing Applications",06/15/2026 18:00:18,Marisol Whitaker,1,,
INC0466609,06/10/2026 12:36:05,06/28/2026 06:00:19,allen.rosales@northwindtel.com,No access to the business portal. - 469156304,Allen Rosales,Resolved - User Education,**MIGRATED TICKET FROM MASS MARKET SIDE TO HUB PORTAL** The user is now set up in the HUB Portal and is able to view their account.,4 - Low,BUS Sales Ordering and Digital Support,IT Enterprise Digital Portal,BOSS AD IT Support,,2,Marisol Whitaker,Closed,,06/23/2026 06:39:01,Marisol Whitaker,Access/Login/Permission Issue,,,,False,,,"Marketing, Sales & Billing Applications",06/28/2026 06:00:19,Marisol Whitaker,3,,
INC0462707,06/10/2026 16:52:51,06/17/2026 10:00:19,jordan.henderson@northwindtel.com,An account could not be found for the provided user id - ,Jordan Henderson,Resolved - User Education,per HUB IT: Account was migrated and is available in the Business HUB. A new invite was sent to jordan.henderson@northwindtel.com.,4 - Low,BUS Sales Ordering and Digital Support,IT Enterprise Digital Portal,IT Enterprise Digital Portal,,0,Marisol Whitaker,Closed,,06/12/2026 10:44:03,Marisol Whitaker,Access/Login/Permission Issue,,,,False,,,"Marketing, Sales & Billing Applications",06/17/2026 10:00:19,Marisol Whitaker,4,,
INC0456873,06/11/2026 07:10:52,06/16/2026 21:00:20,stephanie.ross@northwindtel.com,Customer cannot sign in to the Business Hub since account was created - 7000009352,Stephanie Ross,Resolved - User Education,"Everything looks good on our end. The user completed their profile. If they still can't log in, ask the user to clear browser cache and try an incognito window.",4 - Low,BUS Sales Ordering and Digital Support,IT Enterprise Digital Portal,BOSS OM Enterprise Wholesale IT Support,,1,Marisol Whitaker,Closed,,06/11/2026 21:22:51,Marisol Whitaker,Access/Login/Permission Issue,,,,False,,,"Marketing, Sales & Billing Applications",06/16/2026 21:00:20,Marisol Whitaker,2,,
INC0465827,06/11/2026 14:55:35,06/18/2026 21:00:09,Cassandra.Gaines@northwindtel.com,Customer not receiving verification codes - ,Cassandra Gaines,Resolved - User Education,per HUB IT: User is pending acceptance of T&C. User needs to accept T&C to receive the verification code.,4 - Low,BUS Sales Ordering and Digital Support,BOSS CPQ Enterprise IT Support,BOSS CPQ BBBF IT Support,,2,Marisol Whitaker,Closed,,06/13/2026 21:30:32,Marisol Whitaker,Access/Login/Permission Issue,,,,False,,,"Marketing, Sales & Billing Applications",06/18/2026 21:00:09,Marisol Whitaker,3,,
INC0460410,06/12/2026 12:09:49,07/03/2026 07:00:06,megan.orr@northwindtel.com,6619 Hall Rapid Turnpike South Patrickchester FM qualifies for fiber - ,Megan Orr,Resolved - User Education,"User Education: Requires structure load to enable, or proceed with copper.",4 - Low,BUS Sales Ordering and Digital Support,IT Enterprise Digital Portal,Northwind POTS DSL Application,,1,Marisol Whitaker,Closed,,06/28/2026 07:50:07,Marisol Whitaker,Data Issue,,,,False,,,"Marketing, Sales & Billing Applications",07/03/2026 07:00:06,Marisol Whitaker,1,,
INC0473077,06/14/2026 08:22:18,06/19/2026 09:00:09,Monica.Herrera@northwindtel.com,7000013807 - Small Business,Monica Herrera,Resolved - User Education,per HUB IT: Account was migrated and is available in the Business HUB. A new invite was sent to Monica.Herrera@northwindtel.com.,4 - Low,BUS Sales Ordering and Digital Support,IT Enterprise Digital Portal,BOSS OM Enterprise Wholesale IT Support,,1,Derek Okafor,Closed,,06/14/2026 09:56:48,Derek Okafor,Access/Login/Permission Issue,,,,False,,,"Marketing, Sales & Billing Applications",06/19/2026 09:00:09,Derek Okafor,2,,
INC0474543,06/14/2026 15:03:00,06/20/2026 12:00:20,debra.morton@northwindtel.com,An account could not be found for the provided user id - ,Debra Morton,Resolved - User Education,per HUB IT: Account was migrated and is available in the Business HUB. A new invite was sent to debra.morton@northwindtel.com.,4 - Low,BUS Sales Ordering and Digital Support,IT Enterprise Digital Portal,Northwind POTS DSL Application,,2,Marisol Whitaker,Closed,,06/15/2026 12:02:51,Marisol Whitaker,Access/Login/Permission Issue,,,,False,,,"Marketing, Sales & Billing Applications",06/20/2026 12:00:20,Marisol Whitaker,4,,
INC0468317,06/15/2026 07:25:12,07/04/2026 08:00:13,Mary.Marshall@northwindtel.com,User locked out of Hub after password reset - 7000003077,Mary Marshall,Resolved – Permanent Fix Applied,I disabled the account-based user. Please try again; the user should now be able to access the account.,4 - Low,BUS Sales Ordering and Digital Support,IT Enterprise Digital Portal,BOSS OM IT Support,,3,Derek Okafor,Closed,,06/29/2026 08:20:12,Derek Okafor,Access/Login/Permission Issue,,,,False,,,"Marketing, Sales & Billing Applications",07/04/2026 08:00:13,Derek Okafor,4,,
INC0463630,06/15/2026 18:00:00,06/22/2026 02:00:08,gabrielle.davis@northwindtel.com,Session expired error immediately after login - ,Gabrielle Davis,Resolved - User Education,"Please advise the user: clear browsing history, try an incognito window. This error displays if accessing from outside the US.",4 - Low,BUS Sales Ordering and Digital Support,IT Enterprise Digital Portal,BOSS OM BBBF IT Support,,1,Marisol Whitaker,Closed,,06/17/2026 02:17:00,Marisol Whitaker,Access/Login/Permission Issue,,,,False,,,"Marketing, Sales & Billing Applications",06/22/2026 02:00:08,Marisol Whitaker,3,,
INC0462892,06/16/2026 08:35:34,06/21/2026 16:00:10,jeffrey.chavez@northwindtel.com,An account could not be found for the provided user id - ,Jeffrey Chavez,Resolved - User Education,per HUB IT: Account was migrated and is available in the Business HUB. A new invite was sent to jeffrey.chavez@northwindtel.com.,4 - Low,BUS Sales Ordering and Digital Support,IT Enterprise Digital Portal,BOSS AD IT Support,,1,Derek Okafor,Closed,,06/16/2026 16:11:49,Derek Okafor,Access/Login/Permission Issue,,,,False,,,"Marketing, Sales & Billing Applications",06/21/2026 16:00:10,Derek Okafor,2,,
INC0471576,06/16/2026 12:10:36,06/21/2026 20:00:12,gerald.hensley@northwindtel.com,QUO0156396 - ,Gerald Hensley,Resolved - User Education,"User Education - Service type was not selected. Once selected, caller was able to continue.",4 - Low,BUS Sales Ordering and Digital Support,IT Enterprise Digital Portal,BOSS OM Enterprise Wholesale IT Support,,2,Derek Okafor,Closed,,06/16/2026 20:07:17,Derek Okafor,Data Issue,,,,False,,,"Marketing, Sales & Billing Applications",06/21/2026 20:00:12,Derek Okafor,3,,
INC0465819,06/16/2026 13:55:40,06/30/2026 12:00:04,Victor.Baker@northwindtel.com,Trying to upgrade to 2G on BAN 7000009311 but no speeds available at location - ,Victor Baker,Resolved - User Education,UE - Service Qualification. Per IT: No speeds returned from qualification for this address.,4 - Low,BUS Sales Ordering and Digital Support,IT Enterprise Digital Portal,BOSS OM IT Support,,1,Marisol Whitaker,Closed,,06/25/2026 12:24:17,Marisol Whitaker,Order Issue,,,,False,,,"Marketing, Sales & Billing Applications",06/30/2026 12:00:04,Marisol Whitaker,2,,
INC0459575,06/17/2026 18:58:51,06/24/2026 03:00:16,nicole.herring@northwindtel.com,Customer cannot sign in to the Business Hub since account was created - 7000009691,Nicole Herring,Resolved - No response from User,No response from user after 3 follow-up attempts. Closing ticket.,4 - Low,BUS Sales Ordering and Digital Support,BOSS CPQ BBBF IT Support,IT Digital Account Management,,3,Marisol Whitaker,Closed,,06/19/2026 03:49:09,Marisol Whitaker,Access/Login/Permission Issue,,,,False,,,"Marketing, Sales & Billing Applications",06/24/2026 03:00:16,Marisol Whitaker,4,,
INC0474004,06/18/2026 10:51:29,06/24/2026 05:00:06,evelyn.galvan@northwindtel.com,Link account to customer business hub - 7000009127,Evelyn Galvan,Resolved - User Education,User Education: Customer can add the BAN themselves under My Profile > Linked Accounts.,4 - Low,BUS Sales Ordering and Digital Support,IT Enterprise Digital Portal,BOSS CPQ Enterprise IT Support,,2,Marisol Whitaker,Closed,,06/19/2026 05:57:23,Marisol Whitaker,Access/Login/Permission Issue,,,,False,,,"Marketing, Sales & Billing Applications",06/24/2026 05:00:06,Marisol Whitaker,5,,
INC0466894,06/18/2026 12:38:41,07/10/2026 00:00:14,Alex.Hernandez@northwindtel.com,ADD BAN TO HUB PROFILE - 7000027104,Alex Hernandez,Resolved - User Education,User Education: Customer can add BANs under My Profile > Linked Accounts.,4 - Low,BUS Sales Ordering and Digital Support,BOSS CPQ Enterprise IT Support,BOSS OM Enterprise Wholesale IT Support,,1,Marisol Whitaker,Closed,,07/05/2026 00:35:40,Marisol Whitaker,Configuration Issue,,,,False,,,"Marketing, Sales & Billing Applications",07/10/2026 00:00:14,Marisol Whitaker,2,,
INC0466149,06/18/2026 16:30:32,06/24/2026 04:00:02,jason.stein@northwindtel.com,Customer cannot sign in to the Business Hub since account was created - 455780988,Jason Stein,Resolved - User Education,"Everything looks good on our end. The user completed their profile. If they still can't log in, ask the user to clear browser cache and try an incognito window.",4 - Low,BUS Sales Ordering and Digital Support,IT Enterprise Digital Portal,BOSS AD IT Support,,1,Marisol Whitaker,Closed,,06/19/2026 04:28:07,Marisol Whitaker,Access/Login/Permission Issue,,,,False,,,"Marketing, Sales & Billing Applications",06/24/2026 04:00:02,Marisol Whitaker,4,,
INC0466934,06/18/2026 17:33:12,07/10/2026 05:00:15,Tommy.Walter@northwindtel.com,UPDATE PACKAGE TYPE TO ADVANCED - ,Tommy Walter,Resolved - User Education,User Education: Changing from Enhanced to Advanced requires an upgrade of the primary site.,4 - Low,BUS Sales Ordering and Digital Support,BOSS CPQ BBBF IT Support,BOSS OM Enterprise Wholesale IT Support,,2,Marisol Whitaker,Closed,,07/05/2026 05:35:39,Marisol Whitaker,Data Issue,,,,False,,,"Risk, Audit & Compliance Applications",07/10/2026 05:00:15,Marisol Whitaker,3,,
INC0468746,06/19/2026 07:11:16,06/29/2026 19:24:37,nathan.maldonado@northwindtel.com,AMS ID is not pulling address in SNOW - ,Nathan Maldonado,Resolved - User Education,Per IT - Zipcode was incorrectly entered; please retry with a valid zipcode. Screenshot attached.,4 - Low,BUS Sales Ordering and Digital Support,IT Enterprise Digital Portal,BOSS AD IT Support,,1,Marisol Whitaker,Resolved,,06/29/2026 11:44:37,Marisol Whitaker,Application Issue,,,,False,,,"Marketing, Sales & Billing Applications",,,1,,
INC0468193,06/19/2026 07:47:04,06/26/2026 06:00:12,Zachary.Ferrell@northwindtel.com,No access to the business portal. - 421628641,Zachary Ferrell,Resolved - User Education,**MIGRATED TICKET FROM MASS MARKET SIDE TO HUB PORTAL** The user is now set up in the HUB Portal and is able to view their account.,4 - Low,BUS Sales Ordering and Digital Support,IT Enterprise Digital Portal,IT Northwind Mobile App,,3,Marisol Whitaker,Closed,,06/21/2026 06:19:51,Marisol Whitaker,Access/Login/Permission Issue,,,,False,,,"Marketing, Sales & Billing Applications",06/26/2026 06:00:12,Marisol Whitaker,5,,
INC0469358,06/19/2026 18:46:27,06/25/2026 08:00:17,anthony.everett@northwindtel.com,AMS ID is not pulling address in SNOW - ,Anthony Everett,Resolved - User Education,Per IT - Zipcode was incorrectly entered; please retry with a valid zipcode. Screenshot attached.,4 - Low,BUS Sales Ordering and Digital Support,BOSS CPQ BBBF IT Support,BOSS OM Enterprise Wholesale IT Support,,3,Priya Raman,Closed,,06/20/2026 08:24:26,Priya Raman,Application Issue,,,,False,,,"Marketing, Sales & Billing Applications",06/25/2026 08:00:17,Priya Raman,4,,
INC0465621,06/20/2026 12:26:48,06/25/2026 17:00:06,cheyenne.horton@northwindtel.com,7000034989 - Small Business,Cheyenne Horton,Resolved - User Education,per HUB IT: Account was migrated and is available in the Business HUB. A new invite was sent to cheyenne.horton@northwindtel.com.,3 - Moderate,BUS Sales Ordering and Digital Support,IT Enterprise Digital Portal,BOSS OM IT Support,,1,Marisol Whitaker,Closed,,06/20/2026 17:37:21,Marisol Whitaker,Access/Login/Permission Issue,,,,False,,,"Marketing, Sales & Billing Applications",06/25/2026 17:00:06,Marisol Whitaker,2,,
INC0473150,06/20/2026 13:12:47,06/26/2026 18:00:07,courtney.gonzalez@northwindtel.com,No access to the business portal. - 430207676,Courtney Gonzalez,Resolved - User Education,**MIGRATED TICKET FROM MASS MARKET SIDE TO HUB PORTAL** The user is now set up in the HUB Portal and is able to view their account.,4 - Low,BUS Sales Ordering and Digital Support,IT Enterprise Digital Portal,BOSS OM Enterprise Wholesale IT Support,,3,Marisol Whitaker,Closed,,06/21/2026 18:03:24,Marisol Whitaker,Access/Login/Permission Issue,,,,False,,,"Marketing, Sales & Billing Applications",06/26/2026 18:00:07,Marisol Whitaker,4,,
INC0464115,06/20/2026 16:38:05,06/25/2026 23:00:08,Tommy.Walter@northwindtel.com,No access to the business portal. - 7000029730,Tommy Walter,Resolved - User Education,**MIGRATED TICKET FROM MASS MARKET SIDE TO HUB PORTAL** The user is now set up in the HUB Portal and is able to view their account.,4 - Low,BUS Sales Ordering and Digital Support,IT Enterprise Digital Portal,BOSS OM IT Support,,1,Marisol Whitaker,Closed,,06/20/2026 23:44:11,Marisol Whitaker,Access/Login/Permission Issue,,,,False,,,"Marketing, Sales & Billing Applications",06/25/2026 23:00:08,Marisol Whitaker,3,,
INC0456029,06/21/2026 07:38:41,06/28/2026 01:00:02,jeffrey.chavez@northwindtel.com,No access to the business portal. - 306656016,Jeffrey Chavez,Resolved - User Education,**MIGRATED TICKET FROM MASS MARKET SIDE TO HUB PORTAL** The user is now set up in the HUB Portal and is able to view their account.,4 - Low,BUS Sales Ordering and Digital Support,IT Enterprise Digital Portal,BOSS OM Enterprise Wholesale IT Support,,1,Marisol Whitaker,Closed,,06/23/2026 01:20:11,Marisol Whitaker,Access/Login/Permission Issue,,,,False,,,"Marketing, Sales & Billing Applications",06/28/2026 01:00:02,Marisol Whitaker,2,,
INC0468141,06/22/2026 09:06:29,06/27/2026 16:00:07,michael.wang@northwindtel.com,Unable to add additional admin user to Hub profile - 7000021701,Michael Wang,Resolved - User Education,User Education: Only the primary admin can invite additional admins under User Management.,4 - Low,BUS Sales Ordering and Digital Support,IT Enterprise Digital Portal,BOSS CPQ BBBF IT Support,,1,Marisol Whitaker,Closed,,06/22/2026 16:09:14,Marisol Whitaker,Access/Login/Permission Issue,,,,False,,,"Marketing, Sales & Billing Applications",06/27/2026 16:00:07,Marisol Whitaker,1,,Mid-Market & Small Business Sales
INC0473918,06/23/2026 09:46:29,06/30/2026 15:00:18,William.Herrera@northwindtel.com,UI not advancing to create order package in QUO0157007 - pls advise - ,William Herrera,Resolved - User Education,User Education - LOA - Wrong file type name used.,4 - Low,BUS Sales Ordering and Digital Support,IT Enterprise Digital Portal,IT Digital Account Management,,1,Marisol Whitaker,Closed,,06/25/2026 15:45:54,Marisol Whitaker,Functionality Issue,,,,False,,,"Marketing, Sales & Billing Applications",06/30/2026 15:00:18,Marisol Whitaker,1,,
INC0465076,06/23/2026 10:47:34,07/11/2026 16:00:04,Katherine.Salas@northwindtel.com,Customer wants to disconnect Inside Wire Protection and Business Voicemail - 7000007292,Katherine Salas,Resolved - User Education,"UE - MAC Process. Per IT: Deactivate features in service location, do not remove them.",4 - Low,BUS Sales Ordering and Digital Support,IT Enterprise Digital Portal,BOSS CPQ Enterprise IT Support,,2,Marisol Whitaker,Closed,,07/06/2026 16:54:33,Marisol Whitaker,Customer Account Issue,,,,False,,,"Marketing, Sales & Billing Applications",07/11/2026 16:00:04,Marisol Whitaker,4,,
INC0463238,06/23/2026 14:29:28,06/28/2026 17:00:02,sharon.cochran@northwindtel.com,User locked out of Hub after password reset - 7000014517,Sharon Cochran,Resolved - User Education,User Education: Account unlocks automatically after 30 minutes. Advised user to use 'Forgot Password' link once.,4 - Low,BUS Sales Ordering and Digital Support,IT Enterprise Digital Portal,Northwind POTS DSL Application,,3,Derek Okafor,Closed,,06/23/2026 17:33:12,Derek Okafor,Access/Login/Permission Issue,,,,False,,,"Marketing, Sales & Billing Applications",06/28/2026 17:00:02,Derek Okafor,5,,
INC0465000,06/24/2026 10:43:45,06/29/2026 13:00:13,spencer.haynes@northwindtel.com,User locked out of Hub after password reset - 7000021054,Spencer Haynes,Resolved – Permanent Fix Applied,I disabled the account-based user. Please try again; the user should now be able to access the account.,4 - Low,BUS Sales Ordering and Digital Support,BOSS CPQ BBBF IT Support,IT Enterprise Digital Portal,,2,Marisol Whitaker,Closed,,06/24/2026 13:01:25,Marisol Whitaker,Access/Login/Permission Issue,,,,False,,,"Marketing, Sales & Billing Applications",06/29/2026 13:00:13,Marisol Whitaker,2,,
INC0468737,06/25/2026 11:07:06,06/30/2026 16:00:11,lauren.daniels@northwindtel.com,Quote number QUO0153441 is locked and cannot select Month to Month pricing - ,Lauren Daniels,Resolved - User Education,User Education: BrightQuote - Service was not selected prior to trying to select Term.,4 - Low,BUS Sales Ordering and Digital Support,IT Enterprise Digital Portal,BOSS OM Enterprise Wholesale IT Support,,2,Marisol Whitaker,Closed,,06/25/2026 16:34:09,Marisol Whitaker,Configuration Issue,,,,False,,,"Marketing, Sales & Billing Applications",06/30/2026 16:00:11,Marisol Whitaker,3,,
INC0458665,06/26/2026 08:30:36,07/03/2026 03:00:04,debra.christian@northwindtel.com,Caller ID incorrect name displayed - 7000028307,Debra Christian,Resolved - User Education,"UE - Caller ID. Per IT: Change order was performed incorrectly, which is why Caller ID was not updated.",4 - Low,BUS Sales Ordering and Digital Support,IT Enterprise Digital Portal,BOSS OM IT Support,,1,Marisol Whitaker,Closed,,06/28/2026 03:35:30,Marisol Whitaker,Plan Change Issue,,,,False,,,"Marketing, Sales & Billing Applications",07/03/2026 03:00:04,Marisol Whitaker,2,,
INC0466327,06/27/2026 10:23:09,06/29/2026 23:43:40,William.Herrera@northwindtel.com,User locked out of Hub after password reset - 404380010,William Herrera,Resolved - User Education,User Education: Account unlocks automatically after 30 minutes. Advised user to use 'Forgot Password' link once.,4 - Low,BUS Sales Ordering and Digital Support,BOSS CPQ BBBF IT Support,DIA IT Support,,3,Derek Okafor,Resolved,,06/29/2026 22:42:40,Derek Okafor,Access/Login/Permission Issue,,,,False,,,"Marketing, Sales & Billing Applications",,,5,,
INC0459335,06/27/2026 10:38:54,07/16/2026 21:00:18,rebecca.henderson@northwindtel.com,Customer cannot sign in to the Business Hub since account was created - 458526499,Rebecca Henderson,Resolved - User Education,"Everything looks good on our end. The user completed their profile. If they still can't log in, ask the user to clear browser cache and try an incognito window.",4 - Low,BUS Sales Ordering and Digital Support,BOSS CPQ BBBF IT Support,BOSS OM BBBF IT Support,,2,Marisol Whitaker,Closed,,07/11/2026 21:32:53,Marisol Whitaker,Access/Login/Permission Issue,,,,False,,,Data Warehouse Applications,07/16/2026 21:00:18,Marisol Whitaker,3,,
INC0468316,06/27/2026 13:41:11,06/28/2026 23:07:26,carla.gray@northwindtel.com,Customer not receiving verification codes - ,Carla Gray,Resolved - User Education,per HUB IT: User is pending acceptance of T&C. User needs to accept T&C to receive the verification code.,4 - Low,BUS Sales Ordering and Digital Support,IT Enterprise Digital Portal,BOSS OM Enterprise Wholesale IT Support,,1,Marisol Whitaker,Resolved,,06/28/2026 15:55:26,Marisol Whitaker,Access/Login/Permission Issue,,,,False,,,"Marketing, Sales & Billing Applications",,,3,,
INC0460094,06/28/2026 14:12:14,07/03/2026 22:00:17,tommy.walter@northwindtel.com,Session expired error immediately after login - ,Tommy Walter,Resolved - User Education,"Please advise the user: clear browsing history, try an incognito window. This error displays if accessing from outside the US.",4 - Low,BUS Sales Ordering and Digital Support,IT Enterprise Digital Portal,BOSS OM IT Support,,3,Derek Okafor,Closed,,06/28/2026 22:12:13,Derek Okafor,Access/Login/Permission Issue,,,,False,,,"Marketing, Sales & Billing Applications",07/03/2026 22:00:17,Derek Okafor,5,,
INC0471635,06/29/2026 10:20:20,07/06/2026 15:00:14,sherry.decker@northwindtel.com,7000037462 - Small Business,Sherry Decker,Resolved – Permanent Fix Applied,This BAN is now available in the HUB for this user.,4 - Low,BUS Sales Ordering and Digital Support,IT Enterprise Digital Portal,BOSS AD IT Support,,3,Marisol Whitaker,Closed,,07/01/2026 15:48:23,Marisol Whitaker,Access/Login/Permission Issue,,,,False,,,"Marketing, Sales & Billing Applications",07/06/2026 15:00:14,Marisol Whitaker,5,,
INC0469488,06/30/2026 12:24:01,07/05/2026 16:00:11,Larry.Dixon@northwindtel.com,Link account to customer business hub - 451212139,Larry Dixon,Resolved - User Education,User Education: Customer can add the BAN themselves under My Profile > Linked Accounts.,4 - Low,BUS Sales Ordering and Digital Support,BOSS CPQ Voice Plus IT Support,BOSS AD IT Support,,1,Marisol Whitaker,Closed,,06/30/2026 16:28:50,Marisol Whitaker,Access/Login/Permission Issue,,,,False,,,"Marketing, Sales & Billing Applications",07/05/2026 16:00:11,Marisol Whitaker,3,,
INC0472870,06/30/2026 13:47:35,07/07/2026 18:00:06,tommy.walter@northwindtel.com,No access to the business portal. - 7000020067,Tommy Walter,Resolved - User Education,**MIGRATED TICKET FROM MASS MARKET SIDE TO HUB PORTAL** The user is now set up in the HUB Portal and is able to view their account.,4 - Low,BUS Sales Ordering and Digital Support,DIA IT Support,IT Digital Account Management,,2,Marisol Whitaker,Closed,,07/02/2026 18:46:32,Marisol Whitaker,Access/Login/Permission Issue,,,,False,,,"Marketing, Sales & Billing Applications",07/07/2026 18:00:06,Marisol Whitaker,4,,
INC0469083,06/30/2026 17:00:59,07/06/2026 19:00:09,zachary.ferrell@northwindtel.com,County of Pena SSR 22538 account is not billing for services - 459572655,Zachary Ferrell,Resolved - User Education,Closing with notes from IT: The service has a promo applied per the contract (see attachment). Billing will start after promo period.,4 - Low,BUS Sales Ordering and Digital Support,BOSS CPQ Enterprise IT Support,Northwind POTS DSL Application,,2,Marisol Whitaker,Closed,,07/01/2026 19:12:15,Marisol Whitaker,Other,,,,False,,,"Marketing, Sales & Billing Applications",07/06/2026 19:00:09,Marisol Whitaker,3,,
INC0471561,07/01/2026 08:26:38,07/09/2026 03:00:08,angelica.keith@northwindtel.com,Phone disconnected by mistake (155) 668-4732 - 363248011,Angelica Keith,Resolved – Permanent Fix Applied,Service restored per IT; order corrected.,4 - Low,BUS Sales Ordering and Digital Support,IT Enterprise Digital Portal,IT Enterprise Digital Portal,,0,Marisol Whitaker,Closed,,07/04/2026 03:55:23,Marisol Whitaker,Order Issue,,,,False,,,"Marketing, Sales & Billing Applications",07/09/2026 03:00:08,Marisol Whitaker,3,,
INC0472674,07/01/2026 14:46:12,07/07/2026 22:00:15,brian.ramirez@northwindtel.com,No access to the business portal. - 443976249,Brian Ramirez,Resolved - User Education,**MIGRATED TICKET FROM MASS MARKET SIDE TO HUB PORTAL** The user is now set up in the HUB Portal and is able to view their account.,4 - Low,BUS Sales Ordering and Digital Support,IT Enterprise Digital Portal,BOSS AD IT Support,,1,Marisol Whitaker,Closed,,07/02/2026 22:56:49,Marisol Whitaker,Access/Login/Permission Issue,,,,False,,,"Marketing, Sales & Billing Applications",07/07/2026 22:00:15,Marisol Whitaker,2,,
INC0457978,07/01/2026 17:43:41,07/12/2026 11:32:53,Darlene.Miller@northwindtel.com,Unable to reschedule wholesale orders in CPQ - ,Darlene Miller,Resolved - User Education,User Education - Wholesale rescheduling automation.,4 - Low,BUS Sales Ordering and Digital Support,IT Enterprise Digital Portal,BOSS OM Enterprise Wholesale IT Support,,1,Marisol Whitaker,Resolved,,07/12/2026 08:51:53,Marisol Whitaker,Other,,,,False,,,"Marketing, Sales & Billing Applications",,,1,,
INC0462467,07/02/2026 08:11:34,07/07/2026 11:00:09,deborah.figueroa@northwindtel.com,Complete disconnection and stop billing - 401333405,Deborah Figueroa,Resolved - User Education,UE - Disconnect. Per IT: There is active service on the BAN; please perform disconnect action using the provided link.,4 - Low,BUS Sales Ordering and Digital Support,IT Enterprise Digital Portal,BOSS OM IT Support,,2,Marisol Whitaker,Closed,,07/02/2026 11:31:09,Marisol Whitaker,Disconnecting a Customer/Service Issue,,,,False,,,"Marketing, Sales & Billing Applications",07/07/2026 11:00:09,Marisol Whitaker,5,,
INC0460354,07/03/2026 15:17:38,07/09/2026 20:00:16,Aimee.Montoya@northwindtel.com,No Welcome email - ,Aimee Montoya,Resolved - User Education,per HUB IT: Welcome email resent; user must check spam folder.,4 - Low,BUS Sales Ordering and Digital Support,IT Enterprise Digital Portal,BOSS OM BBBF IT Support,,2,Priya Raman,Closed,,07/04/2026 20:00:27,Priya Raman,Configuration Issue,,,,False,,,"Marketing, Sales & Billing Applications",07/09/2026 20:00:16,Priya Raman,5,,
INC0466146,07/03/2026 16:51:47,07/11/2026 06:00:15,alyssa.long@northwindtel.com,Returned VOIP phone still being charged - 7000034722,Alyssa Long,Resolved - User Education,User Education: Devices cannot be removed unless returned within 30 days in new condition.,4 - Low,BUS Sales Ordering and Digital Support,IT Enterprise Digital Portal,Northwind POTS DSL Application,,3,Marisol Whitaker,Closed,,07/06/2026 06:26:35,Marisol Whitaker,Billing Issue,,,,False,,,"Marketing, Sales & Billing Applications",07/11/2026 06:00:15,Marisol Whitaker,5,,
INC0465286,07/04/2026 08:04:20,07/14/2026 06:00:06,brent.jordan@northwindtel.com,Order Id 5520788 - Change Billing says no product found - ,Brent Jordan,Resolved - User Education,Per IT - The given BAN 7000028367 does not have contracts. Please correct to a valid BAN and try again.,4 - Low,BUS Sales Ordering and Digital Support,IT Enterprise Digital Portal,IT Enterprise Digital Portal,,0,Marisol Whitaker,Closed,,07/09/2026 06:28:36,Marisol Whitaker,Application Issue,,,,False,,,"Marketing, Sales & Billing Applications",07/14/2026 06:00:06,Marisol Whitaker,1,,
INC0460851,07/05/2026 13:08:58,07/13/2026 03:00:02,angela.vaughn@northwindtel.com,Customer cannot sign in to the Business Hub since account was created - 408618941,Angela Vaughn,Resolved - User Education,"Everything looks good on our end. The user completed their profile. If they still can't log in, ask the user to clear browser cache and try an incognito window.",4 - Low,BUS Sales Ordering and Digital Support,BOSS CPQ BBBF IT Support,BOSS OM Enterprise Wholesale IT Support,,1,Marisol Whitaker,Closed,,07/08/2026 03:13:48,Marisol Whitaker,Access/Login/Permission Issue,,,,False,,,"Marketing, Sales & Billing Applications",07/13/2026 03:00:02,Marisol Whitaker,7,,
INC0467130,07/05/2026 15:05:38,07/11/2026 19:00:02,justin.baker@northwindtel.com,Customer gets 'no ID for the provided email could be found' when logging in - 7000036502,Justin Baker,Resolved - User Education,User Education: Customer was using the residential portal. Directed to the Business Hub login page.,4 - Low,BUS Sales Ordering and Digital Support,BOSS CPQ Voice Plus IT Support,BOSS OM Enterprise Wholesale IT Support,,1,Marisol Whitaker,Closed,,07/06/2026 19:51:26,Marisol Whitaker,Access/Login/Permission Issue,,,,False,,,"Marketing, Sales & Billing Applications",07/11/2026 19:00:02,Marisol Whitaker,2,,
INC0461883,07/05/2026 16:23:22,07/25/2026 00:00:01,William.Baker@northwindtel.com,An account could not be found for the provided user id - ,William Baker,Resolved - User Education,per HUB IT: Account was migrated and is available in the Business HUB. A new invite was sent to William.Baker@northwindtel.com.,4 - Low,BUS Sales Ordering and Digital Support,IT Enterprise Digital Portal,Northwind POTS DSL Application,,2,Derek Okafor,Closed,,07/20/2026 00:27:55,Derek Okafor,Access/Login/Permission Issue,,,,False,,,"Marketing, Sales & Billing Applications",07/25/2026 00:00:01,Derek Okafor,3,,
INC0462745,07/07/2026 10:05:52,07/12/2026 15:00:11,james.ferrell@northwindtel.com,No access to the business portal. - 419340407,James Ferrell,Resolved – Permanent Fix Applied,This BAN is now available in the HUB for this user.,4 - Low,BUS Sales Ordering and Digital Support,IT Enterprise Digital Portal,Northwind POTS DSL Application,,1,Marisol Whitaker,Closed,,07/07/2026 15:07:16,Marisol Whitaker,Access/Login/Permission Issue,,,,False,,,"Marketing, Sales & Billing Applications",07/12/2026 15:00:11,Marisol Whitaker,2,,
INC0458309,07/07/2026 11:16:23,07/16/2026 19:00:10,alexander.collins@northwindtel.com,Link account to customer business hub - 7000021077,Alexander Collins,Resolved – Permanent Fix Applied,This billing account is now available for the user in the HUB.,4 - Low,BUS Sales Ordering and Digital Support,IT Enterprise Digital Portal,Northwind POTS DSL Application,,1,Derek Okafor,Closed,,07/11/2026 19:36:59,Derek Okafor,Access/Login/Permission Issue,,,,False,,,"Marketing, Sales & Billing Applications",07/16/2026 19:00:10,Derek Okafor,2,,
INC0465311,07/07/2026 16:01:45,07/23/2026 08:00:15,Stephanie.Salazar@northwindtel.com,Caller ID incorrect name displayed - 395242142,Stephanie Salazar,Resolved - User Education,"UE - Caller ID. Per IT: Change order was performed incorrectly, which is why Caller ID was not updated.",4 - Low,BUS Sales Ordering and Digital Support,IT Enterprise Digital Portal,BOSS OM Enterprise Wholesale IT Support,,1,Marisol Whitaker,Closed,,07/18/2026 08:53:31,Marisol Whitaker,Plan Change Issue,,,,False,,,"Marketing, Sales & Billing Applications",07/23/2026 08:00:15,Marisol Whitaker,4,,
INC0462505,07/08/2026 07:31:54,07/13/2026 12:00:03,Daniel.Baker@northwindtel.com,No access to the business portal. - 317145506,Daniel Baker,Resolved - User Education,**MIGRATED TICKET FROM MASS MARKET SIDE TO HUB PORTAL** The user is now set up in the HUB Portal and is able to view their account.,4 - Low,BUS Sales Ordering and Digital Support,IT Enterprise Digital Portal,IT Enterprise Digital Portal,,1,Marisol Whitaker,Closed,,07/08/2026 12:11:48,Marisol Whitaker,Access/Login/Permission Issue,,,,False,,,"Marketing, Sales & Billing Applications",07/13/2026 12:00:03,Marisol Whitaker,2,,
INC0470924,07/09/2026 08:33:45,07/14/2026 11:00:12,jessica.callahan@northwindtel.com,Discount no longer applied to customer - 490983704,Jessica Callahan,Resolved - User Education,User Education: MTM Discount does not extend past one year.,4 - Low,BUS Sales Ordering and Digital Support,IT Enterprise Digital Portal,IT Enterprise Digital Portal,,1,Marisol Whitaker,Closed,,07/09/2026 11:49:11,Marisol Whitaker,Billing Issue,,,,False,,,"Marketing, Sales & Billing Applications",07/14/2026 11:00:12,Marisol Whitaker,2,,
INC0461865,07/10/2026 08:59:36,07/16/2026 03:53:34,Amy.Silva@northwindtel.com,close account - 7000015887,Amy Silva,Resolved - User Education,UE - Disconnect. Service is not inactive. IT provided a link to disconnect the services.,4 - Low,BUS Sales Ordering and Digital Support,BOSS CPQ BBBF IT Support,IT Enterprise Digital Portal,,1,Derek Okafor,Resolved,,07/15/2026 20:00:34,Derek Okafor,Disconnected but Billed,,,,False,,,"Marketing, Sales & Billing Applications",,,2,,
INC0455235,07/11/2026 14:39:02,07/16/2026 17:00:06,ricky.ii@northwindtel.com,An account could not be found for the provided user id - ,Ricky Davis II,Resolved - User Education,per HUB IT: Account was migrated and is available in the Business HUB. A new invite was sent to ricky.ii@northwindtel.com.,4 - Low,BUS Sales Ordering and Digital Support,IT Enterprise Digital Portal,IT Digital Account Management,,1,Marisol Whitaker,Closed,,07/11/2026 17:45:55,Marisol Whitaker,Access/Login/Permission Issue,,,,False,,,"Marketing, Sales & Billing Applications",07/16/2026 17:00:06,Marisol Whitaker,2,,
INC0463021,07/11/2026 15:52:48,07/18/2026 21:00:20,courtney.gonzalez@northwindtel.com,An account could not be found for the provided user id - ,Courtney Gonzalez,Resolved - User Education,per HUB IT: Account was migrated and is available in the Business HUB. A new invite was sent to courtney.gonzalez@northwindtel.com.,4 - Low,BUS Sales Ordering and Digital Support,BOSS CPQ Voice Plus IT Support,BOSS AD IT Support,,1,Marisol Whitaker,Closed,,07/13/2026 21:53:41,Marisol Whitaker,Access/Login/Permission Issue,,,,False,,,"Marketing, Sales & Billing Applications",07/18/2026 21:00:20,Marisol Whitaker,3,,
INC0459572,07/13/2026 08:32:41,07/18/2026 11:00:11,Lawrence.Adkins@northwindtel.com,Customer cannot sign in to the Business Hub since account was created - 461171765,Lawrence Adkins,Resolved - User Education,"Everything looks good on our end. The user completed their profile. If they still can't log in, ask the user to clear browser cache and try an incognito window.",4 - Low,BUS Sales Ordering and Digital Support,IT Enterprise Digital Portal,BOSS AD IT Support,,2,Marisol Whitaker,Closed,,07/13/2026 11:28:19,Marisol Whitaker,Access/Login/Permission Issue,,,,False,,,"Marketing, Sales & Billing Applications",07/18/2026 11:00:11,Marisol Whitaker,4,,
INC0467236,07/13/2026 09:16:50,07/18/2026 14:00:02,whitney.peters@northwindtel.com,Link account to customer business hub - 499025876,Whitney Peters,Resolved - User Education,User Education: Customer can add the BAN themselves under My Profile > Linked Accounts.,4 - Low,BUS Sales Ordering and Digital Support,BOSS CPQ BBBF IT Support,IT Enterprise Digital Portal,,2,Priya Raman,Closed,,07/13/2026 14:58:35,Priya Raman,Access/Login/Permission Issue,,,,False,,,"Marketing, Sales & Billing Applications",07/18/2026 14:00:02,Priya Raman,4,,
INC0455376,07/13/2026 10:02:42,07/21/2026 04:00:01,Madison.Poole@northwindtel.com,Discount no longer applied to customer - 7000014340,Madison Poole,Resolved - User Education,User Education: MTM Discount does not extend past one year.,4 - Low,BUS Sales Ordering and Digital Support,IT Enterprise Digital Portal,BOSS CPQ Voice Plus IT Support,,2,Marisol Whitaker,Closed,,07/16/2026 04:08:22,Marisol Whitaker,Billing Issue,,,,False,,,"Marketing, Sales & Billing Applications",07/21/2026 04:00:01,Marisol Whitaker,3,,
INC0469478,07/13/2026 17:41:29,07/28/2026 16:00:03,Debra.Davidson@northwindtel.com,No Welcome email - ,Debra Davidson,Resolved - User Education,per HUB IT: Welcome email resent; user must check spam folder.,4 - Low,BUS Sales Ordering and Digital Support,IT Enterprise Digital Portal,BOSS AD IT Support,,1,Marisol Whitaker,Closed,,07/23/2026 16:32:03,Marisol Whitaker,Configuration Issue,,,,False,,,"Marketing, Sales & Billing Applications",07/28/2026 16:00:03,Marisol Whitaker,2,,
INC0470159,07/14/2026 11:40:32,07/19/2026 14:00:18,joseph.coleman@northwindtel.com,No access to the business portal. - 7000019919,Joseph Coleman,Resolved - User Education,**MIGRATED TICKET FROM MASS MARKET SIDE TO HUB PORTAL** The user is now set up in the HUB Portal and is able to view their account.,4 - Low,BUS Sales Ordering and Digital Support,BOSS CPQ Voice Plus IT Support,IT Northwind Mobile App,,1,Marisol Whitaker,Closed,,07/14/2026 14:42:18,Marisol Whitaker,Access/Login/Permission Issue,,,,False,,,"Marketing, Sales & Billing Applications",07/19/2026 14:00:18,Marisol Whitaker,2,,
INC0459852,07/14/2026 15:38:16,07/27/2026 03:00:04,daniel.kennedy@northwindtel.com,451346696 can not download invoice - 451346696,Daniel Kennedy,Resolved - User Education,IT was able to download. Advise customer to clear browsing history. Invoice attached.,4 - Low,BUS Sales Ordering and Digital Support,IT Enterprise Digital Portal,BOSS OM IT Support,,2,Marisol Whitaker,Closed,,07/22/2026 03:56:09,Marisol Whitaker,Billing Issue,,,,False,,,"Risk, Audit & Compliance Applications",07/27/2026 03:00:04,Marisol Whitaker,3,,
INC0470337,07/15/2026 07:35:55,07/23/2026 09:00:17,paula.moreno@northwindtel.com,Unable to add additional admin user to Hub profile - 7000035764,Paula Moreno,Resolved - User Education,User Education: Only the primary admin can invite additional admins under User Management.,4 - Low,BUS Sales Ordering and Digital Support,IT Enterprise Digital Portal,BOSS CPQ Enterprise IT Support,,1,Derek Okafor,Closed,,07/18/2026 09:14:54,Derek Okafor,Access/Login/Permission Issue,,,,False,,,"Marketing, Sales & Billing Applications",07/23/2026 09:00:17,Derek Okafor,2,,
INC0465756,07/15/2026 11:39:20,07/15/2026 23:46:31,Christina.Walters@northwindtel.com,Unable to process Premium Fiber MTM - 7000001964,Christina Walters,Resolved - User Education,User Education: MTM is not available for Premium Fiber.,4 - Low,BUS Sales Ordering and Digital Support,IT Enterprise Digital Portal,IT Enterprise Digital Portal,,0,Derek Okafor,Resolved,,07/15/2026 21:18:31,Derek Okafor,Order Issue,,,,False,,,"Marketing, Sales & Billing Applications",,,3,,
INC0467418,07/15/2026 14:33:29,07/22/2026 20:00:15,Mark.Perez@northwindtel.com,close account - 512331699,Mark Perez,Resolved - User Education,UE - Disconnect. Service is not inactive. IT provided a link to disconnect the services.,4 - Low,BUS Sales Ordering and Digital Support,IT Enterprise Digital Portal,IT Northwind Mobile App,,2,Marisol Whitaker,Closed,,07/17/2026 20:09:25,Marisol Whitaker,Disconnected but Billed,,,,False,,,"Marketing, Sales & Billing Applications",07/22/2026 20:00:15,Marisol Whitaker,5,,
INC0467964,07/16/2026 08:53:30,07/21/2026 15:00:02,lisa.hensley@northwindtel.com,Unable to add Voice+ service - N/A,Lisa Hensley,Resolved - User Education,User Education - BrightQuote is only available for fiber orders. Add Voice+ in CPQ once done with the fiber portion.,4 - Low,BUS Sales Ordering and Digital Support,IT Enterprise Digital Portal,IT Enterprise Digital Portal,,0,Derek Okafor,Closed,,07/16/2026 15:15:53,Derek Okafor,Order Issue,,,,False,,,"Marketing, Sales & Billing Applications",07/21/2026 15:00:02,Derek Okafor,1,,
INC0468230,07/17/2026 16:47:17,08/08/2026 00:00:19,april.frost@northwindtel.com,Customer not receiving verification codes - ,April Frost,Resolved - User Education,per HUB IT: User is pending acceptance of T&C. User needs to accept T&C to receive the verification code.,4 - Low,BUS Sales Ordering and Digital Support,IT Enterprise Digital Portal,BOSS OM IT Support,,1,Marisol Whitaker,Closed,,08/03/2026 00:25:26,Marisol Whitaker,Access/Login/Permission Issue,,,,False,,,"Marketing, Sales & Billing Applications",08/08/2026 00:00:19,Marisol Whitaker,5,,
INC0458358,07/18/2026 12:01:31,07/24/2026 07:00:19,Michael.Evans@northwindtel.com,Phone disconnected by mistake (470) 952-1456 - 7000018279,Michael Evans,Resolved - User Education,Resolved per the notes - unclear how disconnect was initiated; service was restored.,4 - Low,BUS Sales Ordering and Digital Support,IT Enterprise Digital Portal,BOSS OM BBBF IT Support,,1,Marisol Whitaker,Closed,,07/19/2026 07:39:46,Marisol Whitaker,Order Issue,,,,False,,,"Marketing, Sales & Billing Applications",07/24/2026 07:00:19,Marisol Whitaker,3,,
INC0472378,07/18/2026 18:11:56,07/23/2026 18:00:02,fred.smith@northwindtel.com,QUO0159035 - ,Fred Smith,Resolved - User Education,"User Education - Service type was not selected. Once selected, caller was able to continue.",4 - Low,BUS Sales Ordering and Digital Support,IT Enterprise Digital Portal,Northwind POTS DSL Application,,1,Marisol Whitaker,Closed,,07/18/2026 18:38:34,Marisol Whitaker,Data Issue,,,,False,,,"Marketing, Sales & Billing Applications",07/23/2026 18:00:02,Marisol Whitaker,3,,
INC0457580,07/18/2026 18:20:25,08/03/2026 21:00:01,jason.stein@northwindtel.com,8698 Wiggins Prairie Parks Barajasfort VA qualifies for fiber - ,Jason Stein,Resolved - User Education,"User Education: Requires structure load to enable, or proceed with copper.",4 - Low,BUS Sales Ordering and Digital Support,BOSS CPQ BBBF IT Support,BOSS OM Enterprise Wholesale IT Support,,1,Marisol Whitaker,Closed,,07/29/2026 21:06:30,Marisol Whitaker,Data Issue,,,,False,,,"Marketing, Sales & Billing Applications",08/03/2026 21:00:01,Marisol Whitaker,2,,
INC0468087,07/20/2026 07:02:34,07/26/2026 14:00:16,Erin.Edwards@northwindtel.com,7000028423 - Small Business,Erin Edwards,Resolved - User Education,per HUB IT: Account was migrated and is available in the Business HUB. A new invite was sent to Erin.Edwards@northwindtel.com.,4 - Low,BUS Sales Ordering and Digital Support,IT Enterprise Digital Portal,BOSS OM Enterprise Wholesale IT Support,,2,Marisol Whitaker,Closed,,07/21/2026 14:55:16,Marisol Whitaker,Access/Login/Permission Issue,,,,False,,,"Marketing, Sales & Billing Applications",07/26/2026 14:00:16,Marisol Whitaker,3,,
INC0473211,07/20/2026 17:11:44,07/25/2026 21:00:05,Joshua.Perry@northwindtel.com,Trying to upgrade to 2G on BAN 411414876 but no speeds available at location - ,Joshua Perry,Resolved - User Education,UE - Service Qualification. Per IT: No speeds returned from qualification for this address.,4 - Low,BUS Sales Ordering and Digital Support,IT Enterprise Digital Portal,DIA IT Support,,2,Marisol Whitaker,Closed,,07/20/2026 21:52:26,Marisol Whitaker,Order Issue,,,,False,,,"Marketing, Sales & Billing Applications",07/25/2026 21:00:05,Marisol Whitaker,3,,
INC0456997,07/21/2026 16:10:12,08/09/2026 05:00:15,debra.morton@northwindtel.com,9833 Robles Falls Spurs East Hannah NH qualifies for fiber - ,Debra Morton,Resolved - User Education,"User Education: Requires structure load to enable, or proceed with copper.",4 - Low,BUS Sales Ordering and Digital Support,IT Enterprise Digital Portal,BOSS OM IT Support,,1,Marisol Whitaker,Closed,,08/04/2026 05:08:48,Marisol Whitaker,Data Issue,,,,False,,,"Marketing, Sales & Billing Applications",08/09/2026 05:00:15,Marisol Whitaker,2,,
INC0456454,07/21/2026 16:42:11,07/26/2026 19:00:18,David.Jr.@northwindtel.com,User locked out of Hub after password reset - 438915578,David Douglas Jr.,Resolved - User Education,User Education: Account unlocks automatically after 30 minutes. Advised user to use 'Forgot Password' link once.,4 - Low,BUS Sales Ordering and Digital Support,IT Enterprise Digital Portal,BOSS AD IT Support,,1,Marisol Whitaker,Closed,,07/21/2026 19:06:27,Marisol Whitaker,Access/Login/Permission Issue,,,,False,,,"Marketing, Sales & Billing Applications",07/26/2026 19:00:18,Marisol Whitaker,3,,
INC0461228,07/22/2026 11:56:10,07/22/2026 22:05:13,April.Frost@northwindtel.com,UI not advancing to create order package in QUO0155782 - pls advise - ,April Frost,Resolved - User Education,User Education - LOA - Wrong file type name used.,4 - Low,BUS Sales Ordering and Digital Support,IT Enterprise Digital Portal,BOSS OM IT Support,,1,Marisol Whitaker,Resolved,,07/22/2026 15:04:13,Marisol Whitaker,Functionality Issue,,,,False,,,"Marketing, Sales & Billing Applications",,,2,,
INC0460294,07/22/2026 13:22:08,07/27/2026 16:00:10,Tricia.Valencia@northwindtel.com,Customer wants to disconnect Inside Wire Protection and Business Voicemail - 306424052,Tricia Valencia,Resolved - User Education,"UE - MAC Process. Per IT: Deactivate features in service location, do not remove them.",4 - Low,BUS Sales Ordering and Digital Support,BOSS CPQ Voice Plus IT Support,BOSS OM Enterprise Wholesale IT Support,,2,Marisol Whitaker,Closed,,07/22/2026 16:46:00,Marisol Whitaker,Customer Account Issue,,,,False,,,"Marketing, Sales & Billing Applications",07/27/2026 16:00:10,Marisol Whitaker,4,,
INC0471008,07/22/2026 13:44:08,07/29/2026 01:00:19,Adam.Vaughan@northwindtel.com,Customer wants to disconnect Inside Wire Protection and Business Voicemail - 463246041,Adam Vaughan,Resolved - User Education,"UE - MAC Process. Per IT: Deactivate features in service location, do not remove them.",4 - Low,BUS Sales Ordering and Digital Support,IT Enterprise Digital Portal,BOSS AD IT Support,,1,Priya Raman,Closed,,07/24/2026 01:03:10,Priya Raman,Customer Account Issue,,,,False,,,"Marketing, Sales & Billing Applications",07/29/2026 01:00:19,Priya Raman,2,,
INC0456657,07/23/2026 08:20:09,07/23/2026 15:54:52,matthew.harrington@northwindtel.com,Customer not receiving verification codes - ,Matthew Harrington,Resolved - User Education,per HUB IT: User is pending acceptance of T&C. User needs to accept T&C to receive the verification code.,4 - Low,BUS Sales Ordering and Digital Support,IT Enterprise Digital Portal,BOSS CPQ BBBF IT Support,,2,Marisol Whitaker,Resolved,,07/23/2026 11:48:52,Marisol Whitaker,Access/Login/Permission Issue,,,,False,,,"Marketing, Sales & Billing Applications",,,3,,
INC0468491,07/23/2026 15:32:55,08/06/2026 21:00:05,paul.jones@northwindtel.com,No access to the business portal. - 467905069,Paul Jones,Resolved - User Education,**MIGRATED TICKET FROM MASS MARKET SIDE TO HUB PORTAL** The user is now set up in the HUB Portal and is able to view their account.,4 - Low,BUS Sales Ordering and Digital Support,IT Enterprise Digital Portal,BOSS OM Enterprise Wholesale IT Support,,2,Marisol Whitaker,Closed,,08/01/2026 21:41:48,Marisol Whitaker,Access/Login/Permission Issue,,,,False,,,"Marketing, Sales & Billing Applications",08/06/2026 21:00:05,Marisol Whitaker,4,,
INC0460072,07/24/2026 09:04:42,07/31/2026 12:00:01,christopher.smith@northwindtel.com,Unable to add additional admin user to Hub profile - 304849589,Christopher Smith,Resolved - User Education,User Education: Only the primary admin can invite additional admins under User Management.,4 - Low,BUS Sales Ordering and Digital Support,IT Enterprise Digital Portal,BOSS OM Enterprise Wholesale IT Support,,1,Derek Okafor,Closed,,07/26/2026 12:25:51,Derek Okafor,Access/Login/Permission Issue,,,,False,,,"Marketing, Sales & Billing Applications",07/31/2026 12:00:01,Derek Okafor,1,,Mid-Market & Small Business Sales
INC0474876,07/24/2026 09:44:58,07/31/2026 20:00:02,alex.hernandez@northwindtel.com,Customer gets 'no ID for the provided email could be found' when logging in - 426311196,Alex Hernandez,Resolved - User Education,User Education: Customer was using the residential portal. Directed to the Business Hub login page.,4 - Low,BUS Sales Ordering and Digital Support,IT Enterprise Digital Portal,BOSS OM Enterprise Wholesale IT Support,,1,Marisol Whitaker,Closed,,07/26/2026 20:13:52,Marisol Whitaker,Access/Login/Permission Issue,,,,False,,,"Marketing, Sales & Billing Applications",07/31/2026 20:00:02,Marisol Whitaker,3,,
INC0464830,07/24/2026 09:52:47,08/02/2026 11:00:10,William.Baker@northwindtel.com,7000013884 - Small Business,William Baker,Resolved - User Education,per HUB IT: Account was migrated and is available in the Business HUB. A new invite was sent to William.Baker@northwindtel.com.,4 - Low,BUS Sales Ordering and Digital Support,IT Enterprise Digital Portal,BOSS OM Enterprise Wholesale IT Support,,1,Marisol Whitaker,Closed,,07/28/2026 11:12:15,Marisol Whitaker,Access/Login/Permission Issue,,,,False,,,"Marketing, Sales & Billing Applications",08/02/2026 11:00:10,Marisol Whitaker,2,,
INC0473128,07/24/2026 10:57:49,08/03/2026 06:00:12,Shannon.Jones@northwindtel.com,Link account to customer business hub - 7000035368,Shannon Jones,Resolved - User Education,User Education: Customer can add the BAN themselves under My Profile > Linked Accounts.,4 - Low,BUS Sales Ordering and Digital Support,IT Enterprise Digital Portal,IT Enterprise Digital Portal,,0,Marisol Whitaker,Closed,,07/29/2026 06:52:35,Marisol Whitaker,Access/Login/Permission Issue,,,,False,,,"Marketing, Sales & Billing Applications",08/03/2026 06:00:12,Marisol Whitaker,1,,
INC0471959,07/24/2026 14:49:43,07/29/2026 20:00:05,Joshua.Perry@northwindtel.com,Complete disconnection and stop billing - 7000017716,Joshua Perry,Resolved - User Education,UE - Disconnect. Per IT: There is active service on the BAN; please perform disconnect action using the provided link.,4 - Low,BUS Sales Ordering and Digital Support,IT Enterprise Digital Portal,IT Enterprise Digital Portal,,0,Marisol Whitaker,Closed,,07/24/2026 20:53:47,Marisol Whitaker,Disconnecting a Customer/Service Issue,,,,False,,,"Marketing, Sales & Billing Applications",07/29/2026 20:00:05,Marisol Whitaker,1,,
INC0469132,07/26/2026 17:53:37,07/31/2026 20:00:11,robert.oconnell@northwindtel.com,An account could not be found for the provided user id - ,Robert Oconnell,Resolved - User Education,per HUB IT: Account was migrated and is available in the Business HUB. A new invite was sent to robert.oconnell@northwindtel.com.,4 - Low,BUS Sales Ordering and Digital Support,IT Enterprise Digital Portal,BOSS CPQ Voice Plus IT Support,,1,Marisol Whitaker,Closed,,07/26/2026 20:28:42,Marisol Whitaker,Access/Login/Permission Issue,,,,False,,,"Marketing, Sales & Billing Applications",07/31/2026 20:00:11,Marisol Whitaker,2,,
INC0459681,07/27/2026 14:31:57,08/01/2026 19:00:12,april.frost@northwindtel.com,Link account to customer business hub - 345857417,April Frost,Resolved - User Education,User Education: Customer can add the BAN themselves under My Profile > Linked Accounts.,4 - Low,BUS Sales Ordering and Digital Support,IT Enterprise Digital Portal,BOSS AD IT Support,,1,Marisol Whitaker,Closed,,07/27/2026 19:55:21,Marisol Whitaker,Access/Login/Permission Issue,,,,False,,,"Marketing, Sales & Billing Applications",08/01/2026 19:00:12,Marisol Whitaker,3,,
INC0462623,07/27/2026 17:05:54,08/03/2026 20:00:15,william.herrera@northwindtel.com,Session expired error immediately after login - ,William Herrera,Resolved - User Education,"Please advise the user: clear browsing history, try an incognito window. This error displays if accessing from outside the US.",4 - Low,BUS Sales Ordering and Digital Support,IT Enterprise Digital Portal,IT Enterprise Digital Portal,,0,Derek Okafor,Closed,,07/29/2026 20:15:25,Derek Okafor,Access/Login/Permission Issue,,,,False,,,"Marketing, Sales & Billing Applications",08/03/2026 20:00:15,Derek Okafor,0,,
INC0470054,07/28/2026 09:48:23,08/02/2026 14:00:07,paula.moreno@northwindtel.com,No access to the business portal. - 354767010,Paula Moreno,Resolved - User Education,**MIGRATED TICKET FROM MASS MARKET SIDE TO HUB PORTAL** The user is now set up in the HUB Portal and is able to view their account.,4 - Low,BUS Sales Ordering and Digital Support,DIA IT Support,DIA IT Support,,0,Marisol Whitaker,Closed,,07/28/2026 14:04:18,Marisol Whitaker,Access/Login/Permission Issue,,,,False,,,"Marketing, Sales & Billing Applications",08/02/2026 14:00:07,Marisol Whitaker,2,,
INC0458648,07/28/2026 10:09:41,08/02/2026 15:00:07,Joshua.Perry@northwindtel.com,Unable to add additional admin user to Hub profile - 411250660,Joshua Perry,Resolved - User Education,User Education: Only the primary admin can invite additional admins under User Management.,4 - Low,BUS Sales Ordering and Digital Support,IT Enterprise Digital Portal,BOSS OM Enterprise Wholesale IT Support,,4,Marisol Whitaker,Closed,,07/28/2026 15:45:21,Marisol Whitaker,Access/Login/Permission Issue,,,,False,,,"Marketing, Sales & Billing Applications",08/02/2026 15:00:07,Marisol Whitaker,5,,
INC0465885,07/28/2026 11:00:34,08/14/2026 10:00:12,sandra.aguilar@northwindtel.com,Session expired error immediately after login - ,Sandra Aguilar,Resolved - User Education,"Please advise the user: clear browsing history, try an incognito window. This error displays if accessing from outside the US.",4 - Low,BUS Sales Ordering and Digital Support,IT Enterprise Digital Portal,BOSS OM Enterprise Wholesale IT Support,,1,Marisol Whitaker,Closed,,08/09/2026 10:14:23,Marisol Whitaker,Access/Login/Permission Issue,,,,False,,,"Marketing, Sales & Billing Applications",08/14/2026 10:00:12,Marisol Whitaker,1,,
INC0474142,07/28/2026 13:39:03,08/02/2026 21:00:12,Kenneth.Scott@northwindtel.com,ADD BAN TO HUB PROFILE - 7000024299,Kenneth Scott,Resolved - User Education,User Education: Customer can add BANs under My Profile > Linked Accounts.,4 - Low,BUS Sales Ordering and Digital Support,IT Enterprise Digital Portal,Northwind POTS DSL Application,,3,Marisol Whitaker,Closed,,07/28/2026 21:27:38,Marisol Whitaker,Configuration Issue,,,,False,,,"Marketing, Sales & Billing Applications",08/02/2026 21:00:12,Marisol Whitaker,5,,
INC0457778,07/28/2026 14:45:29,08/02/2026 17:00:04,Alyssa.Long@northwindtel.com,Quote number QUO0156333 is locked and cannot select Month to Month pricing - ,Alyssa Long,Resolved - User Education,User Education: BrightQuote - Service was not selected prior to trying to select Term.,4 - Low,BUS Sales Ordering and Digital Support,IT Enterprise Digital Portal,BOSS OM Enterprise Wholesale IT Support,,3,Derek Okafor,Closed,,07/28/2026 17:55:08,Derek Okafor,Configuration Issue,,,,False,,,"Marketing, Sales & Billing Applications",08/02/2026 17:00:04,Derek Okafor,5,,
INC0455305,07/29/2026 13:54:39,08/11/2026 14:00:11,Amber.Kidd@northwindtel.com,Unable to add additional admin user to Hub profile - 7000008124,Amber Kidd,Resolved - User Education,User Education: Only the primary admin can invite additional admins under User Management.,4 - Low,BUS Sales Ordering and Digital Support,IT Enterprise Digital Portal,IT Enterprise Digital Portal,,1,Marisol Whitaker,Closed,,08/06/2026 14:11:56,Marisol Whitaker,Access/Login/Permission Issue,,,,False,,,"Marketing, Sales & Billing Applications",08/11/2026 14:00:11,Marisol Whitaker,3,,Mid-Market & Small Business Sales
INC0460169,07/30/2026 07:57:34,08/04/2026 15:00:13,pamela.boyd@northwindtel.com,User locked out of Hub after password reset - 376514015,Pamela Boyd,Resolved - User Education,User Education: Account unlocks automatically after 30 minutes. Advised user to use 'Forgot Password' link once.,4 - Low,BUS Sales Ordering and Digital Support,IT Enterprise Digital Portal,BOSS OM IT Support,,1,Marisol Whitaker,Closed,,07/30/2026 15:19:41,Marisol Whitaker,Access/Login/Permission Issue,,,,False,,,"Marketing, Sales & Billing Applications",08/04/2026 15:00:13,Marisol Whitaker,3,,
INC0474526,07/31/2026 13:20:01,08/08/2026 15:00:18,Philip.Cannon@northwindtel.com,No access to the business portal. - 7000014918,Philip Cannon,Resolved - User Education,**MIGRATED TICKET FROM MASS MARKET SIDE TO HUB PORTAL** The user is now set up in the HUB Portal and is able to view their account.,4 - Low,BUS Sales Ordering and Digital Support,IT Enterprise Digital Portal,BOSS AD IT Support,,2,Marisol Whitaker,Closed,,08/03/2026 15:16:06,Marisol Whitaker,Access/Login/Permission Issue,,,,False,,,"Marketing, Sales & Billing Applications",08/08/2026 15:00:18,Marisol Whitaker,3,,
INC0469124,08/01/2026 07:17:55,08/16/2026 00:00:10,megan.young@northwindtel.com,Complete disconnection and stop billing - 363205935,Megan Young,Resolved - User Education,UE - Disconnect. Per IT: There is active service on the BAN; please perform disconnect action using the provided link.,4 - Low,BUS Sales Ordering and Digital Support,BOSS CPQ BBBF IT Support,IT Northwind Mobile App,,3,Marisol Whitaker,Closed,,08/11/2026 00:34:24,Marisol Whitaker,Disconnecting a Customer/Service Issue,,,,False,,,"Marketing, Sales & Billing Applications",08/16/2026 00:00:10,Marisol Whitaker,5,,
INC0472713,08/01/2026 14:05:54,08/07/2026 11:00:05,cristian.santos@northwindtel.com,An account could not be found for the provided user id - ,Cristian Santos,Resolved - User Education,per HUB IT: Account was migrated and is available in the Business HUB. A new invite was sent to cristian.santos@northwindtel.com.,4 - Low,BUS Sales Ordering and Digital Support,IT Enterprise Digital Portal,DIA IT Support,,1,Marisol Whitaker,Closed,,08/02/2026 11:07:10,Marisol Whitaker,Access/Login/Permission Issue,,,,False,,,"Marketing, Sales & Billing Applications",08/07/2026 11:00:05,Marisol Whitaker,3,,
INC0457686,08/01/2026 15:19:44,08/02/2026 21:26:24,Jordan.Henderson@northwindtel.com,No access to the business portal. - 414434835,Jordan Henderson,Resolved – Permanent Fix Applied,This BAN is now available in the HUB for this user.,4 - Low,BUS Sales Ordering and Digital Support,IT Enterprise Digital Portal,BOSS OM Enterprise Wholesale IT Support,,1,Marisol Whitaker,Resolved,,08/02/2026 14:08:24,Marisol Whitaker,Access/Login/Permission Issue,,,,False,,,"Marketing, Sales & Billing Applications",,,1,,
INC0464108,08/03/2026 07:01:33,08/15/2026 05:00:13,william.herrera@northwindtel.com,Session expired error immediately after login - ,William Herrera,Resolved - User Education,"Please advise the user: clear browsing history, try an incognito window. This error displays if accessing from outside the US.",4 - Low,BUS Sales Ordering and Digital Support,IT Enterprise Digital Portal,BOSS OM Enterprise Wholesale IT Support,,3,Derek Okafor,Closed,,08/10/2026 05:03:34,Derek Okafor,Access/Login/Permission Issue,,,,False,,,"Marketing, Sales & Billing Applications",08/15/2026 05:00:13,Derek Okafor,4,,
INC0474954,08/03/2026 15:27:25,08/10/2026 21:00:02,Angie.Henderson@northwindtel.com,ADD BAN TO HUB PROFILE - 460256975,Angie Henderson,Resolved - User Education,User Education: Customer can add BANs under My Profile > Linked Accounts.,4 - Low,BUS Sales Ordering and Digital Support,IT Enterprise Digital Portal,DIA IT Support,,1,Marisol Whitaker,Closed,,08/05/2026 21:12:46,Marisol Whitaker,Configuration Issue,,,,False,,,"Marketing, Sales & Billing Applications",08/10/2026 21:00:02,Marisol Whitaker,2,,
INC0455976,08/04/2026 07:12:33,08/09/2026 10:00:17,william.herrera@northwindtel.com,Quote number QUO0159975 is locked and cannot select Month to Month pricing - ,William Herrera,Resolved - User Education,User Education: BrightQuote - Service was not selected prior to trying to select Term.,4 - Low,BUS Sales Ordering and Digital Support,BOSS CPQ Enterprise IT Support,BOSS AD IT Support,,1,Marisol Whitaker,Closed,,08/04/2026 10:17:41,Marisol Whitaker,Configuration Issue,,,,False,,,"Marketing, Sales & Billing Applications",08/09/2026 10:00:17,Marisol Whitaker,1,,
INC0466457,08/04/2026 09:55:09,08/11/2026 06:00:18,courtney.gonzalez@northwindtel.com,Customer gets 'no ID for the provided email could be found' when logging in - 329804600,Courtney Gonzalez,Resolved – Permanent Fix Applied,The BAN is now available in the HUB for this user.,4 - Low,BUS Sales Ordering and Digital Support,IT Enterprise Digital Portal,IT Northwind Mobile App,,2,Marisol Whitaker,Closed,,08/06/2026 06:39:38,Marisol Whitaker,Access/Login/Permission Issue,,,,False,,,"Marketing, Sales & Billing Applications",08/11/2026 06:00:18,Marisol Whitaker,4,,
INC0464401,08/04/2026 17:23:14,08/10/2026 00:00:12,bailey.dds@northwindtel.com,318252005 - Small Business,Bailey Duran DDS,Resolved – Permanent Fix Applied,This BAN is now available in the HUB for this user.,4 - Low,BUS Sales Ordering and Digital Support,BOSS CPQ Enterprise IT Support,BOSS OM IT Support,,2,Marisol Whitaker,Closed,,08/05/2026 00:03:45,Marisol Whitaker,Access/Login/Permission Issue,,,,False,,,"Marketing, Sales & Billing Applications",08/10/2026 00:00:12,Marisol Whitaker,3,,
INC0472800,08/04/2026 17:28:42,08/20/2026 15:00:08,lawrence.adkins@northwindtel.com,Phone disconnected by mistake (608) 437-6855 - 423666540,Lawrence Adkins,Resolved - User Education,Resolved per the notes - unclear how disconnect was initiated; service was restored.,4 - Low,BUS Sales Ordering and Digital Support,IT Enterprise Digital Portal,BOSS OM Enterprise Wholesale IT Support,,2,Marisol Whitaker,Closed,,08/15/2026 15:01:28,Marisol Whitaker,Order Issue,,,,False,,,"Marketing, Sales & Billing Applications",08/20/2026 15:00:08,Marisol Whitaker,4,,
INC0459207,08/05/2026 13:02:21,08/16/2026 10:00:09,tina.sanders@northwindtel.com,Unable to process Premium Fiber MTM - 7000001571,Tina Sanders,Resolved - User Education,User Education: MTM is not available for Premium Fiber.,4 - Low,BUS Sales Ordering and Digital Support,IT Enterprise Digital Portal,IT Enterprise Digital Portal,,0,Marisol Whitaker,Closed,,08/11/2026 10:41:09,Marisol Whitaker,Order Issue,,,,False,,,"Marketing, Sales & Billing Applications",08/16/2026 10:00:09,Marisol Whitaker,1,,
INC0461232,08/05/2026 14:47:37,08/12/2026 10:00:16,danny.morgan@northwindtel.com,An account could not be found for the provided user id - ,Danny Morgan,Resolved - User Education,per HUB IT: Account was migrated and is available in the Business HUB. A new invite was sent to danny.morgan@northwindtel.com.,4 - Low,BUS Sales Ordering and Digital Support,IT Enterprise Digital Portal,IT Northwind Mobile App,,2,Marisol Whitaker,Closed,,08/07/2026 10:16:08,Marisol Whitaker,Access/Login/Permission Issue,,,,False,,,"Marketing, Sales & Billing Applications",08/12/2026 10:00:16,Marisol Whitaker,3,,
INC0455800,08/06/2026 07:49:00,08/13/2026 13:00:03,cassandra.gaines@northwindtel.com,User locked out of Hub after password reset - 7000039578,Cassandra Gaines,Resolved - User Education,User Education: Account unlocks automatically after 30 minutes. Advised user to use 'Forgot Password' link once.,4 - Low,BUS Sales Ordering and Digital Support,IT Enterprise Digital Portal,BOSS OM Enterprise Wholesale IT Support,,2,Marisol Whitaker,Closed,,08/08/2026 13:20:38,Marisol Whitaker,Access/Login/Permission Issue,,,,False,,,"Marketing, Sales & Billing Applications",08/13/2026 13:00:03,Marisol Whitaker,11,,
INC0472455,08/06/2026 09:10:43,08/23/2026 22:00:05,justin.torres@northwindtel.com,7000019558 - Small Business,Justin Torres,Resolved - User Education,per HUB IT: Account was migrated and is available in the Business HUB. A new invite was sent to justin.torres@northwindtel.com.,4 - Low,BUS Sales Ordering and Digital Support,IT Enterprise Digital Portal,BOSS OM Enterprise Wholesale IT Support,,2,Priya Raman,Closed,,08/18/2026 22:43:42,Priya Raman,Access/Login/Permission Issue,,,,False,,,"Marketing, Sales & Billing Applications",08/23/2026 22:00:05,Priya Raman,4,,
INC0459083,08/06/2026 10:13:20,08/26/2026 18:00:15,bryan.herrera@northwindtel.com,User locked out of Hub after password reset - 451753995,Bryan Herrera,Resolved - User Education,User Education: Account unlocks automatically after 30 minutes. Advised user to use 'Forgot Password' link once.,4 - Low,BUS Sales Ordering and Digital Support,IT Enterprise Digital Portal,BOSS OM IT Support,,1,Marisol Whitaker,Closed,,08/21/2026 18:15:35,Marisol Whitaker,Access/Login/Permission Issue,,,,False,,,"Marketing, Sales & Billing Applications",08/26/2026 18:00:15,Marisol Whitaker,4,,
INC0465851,08/07/2026 17:53:16,08/13/2026 07:00:15,jeffrey.johnson@northwindtel.com,No access to the business portal. - 7000018079,Jeffrey Johnson,Resolved - User Education,**MIGRATED TICKET FROM MASS MARKET SIDE TO HUB PORTAL** The user is now set up in the HUB Portal and is able to view their account.,4 - Low,BUS Sales Ordering and Digital Support,IT Enterprise Digital Portal,IT Billing SAP BRIM Support,,1,Marisol Whitaker,Closed,,08/08/2026 07:12:20,Marisol Whitaker,Access/Login/Permission Issue,,,,False,,,"Marketing, Sales & Billing Applications",08/13/2026 07:00:15,Marisol Whitaker,3,,
INC0455904,08/08/2026 13:45:47,08/15/2026 15:00:16,brenda.hall@northwindtel.com,No access to the business portal. - 472517501,Brenda Hall,Resolved – Permanent Fix Applied,This BAN is now available in the HUB for this user.,4 - Low,BUS Sales Ordering and Digital Support,BOSS CPQ BBBF IT Support,BOSS CPQ BBBF IT Support,,1,Marisol Whitaker,Closed,,08/10/2026 15:10:36,Marisol Whitaker,Access/Login/Permission Issue,,,,False,,,"Marketing, Sales & Billing Applications",08/15/2026 15:00:16,Marisol Whitaker,5,,
INC0463703,08/08/2026 15:36:49,08/13/2026 21:00:06,jessica.smith@northwindtel.com,An account could not be found for the provided user id - ,Jessica Smith,Resolved - User Education,per HUB IT: Account was migrated and is available in the Business HUB. A new invite was sent to jessica.smith@northwindtel.com.,4 - Low,BUS Sales Ordering and Digital Support,IT Enterprise Digital Portal,IT Enterprise Digital Portal,,0,Tom Lindqvist,Closed,,08/08/2026 21:15:12,Tom Lindqvist,Access/Login/Permission Issue,,,,False,,,"Marketing, Sales & Billing Applications",08/13/2026 21:00:06,Tom Lindqvist,2,,
INC0473648,08/09/2026 12:42:25,08/16/2026 10:00:13,gina.moore@northwindtel.com,No access to the business portal. - 508324126,Gina Moore,Resolved - User Education,**MIGRATED TICKET FROM MASS MARKET SIDE TO HUB PORTAL** The user is now set up in the HUB Portal and is able to view their account.,4 - Low,BUS Sales Ordering and Digital Support,IT Enterprise Digital Portal,Northwind POTS DSL Application,,3,Marisol Whitaker,Closed,,08/11/2026 10:57:03,Marisol Whitaker,Access/Login/Permission Issue,,,,False,,,"Marketing, Sales & Billing Applications",08/16/2026 10:00:13,Marisol Whitaker,4,,
INC0468825,08/10/2026 08:34:14,08/10/2026 19:06:26,john.daniel@northwindtel.com,No access to the business portal. - 421878106,John Daniel,Resolved - User Education,**MIGRATED TICKET FROM MASS MARKET SIDE TO HUB PORTAL** The user is now set up in the HUB Portal and is able to view their account.,4 - Low,BUS Sales Ordering and Digital Support,BOSS CPQ Enterprise IT Support,BOSS AD IT Support,,2,Marisol Whitaker,Resolved,,08/10/2026 13:51:26,Marisol Whitaker,Access/Login/Permission Issue,,,,False,,,"Marketing, Sales & Billing Applications",,,3,,
INC0462304,08/11/2026 09:16:54,08/18/2026 12:00:06,connie.lawrence@northwindtel.com,ADD BAN TO HUB PROFILE - 467420440,Connie Lawrence,Resolved - User Education,User Education: Customer can add BANs under My Profile > Linked Accounts.,4 - Low,BUS Sales Ordering and Digital Support,IT Enterprise Digital Portal,BOSS CPQ Enterprise IT Support,,2,Marisol Whitaker,Closed,,08/13/2026 12:27:07,Marisol Whitaker,Configuration Issue,,,,False,,,"Marketing, Sales & Billing Applications",08/18/2026 12:00:06,Marisol Whitaker,3,,
INC0463544,08/11/2026 10:29:58,08/16/2026 15:00:00,connie.lawrence@northwindtel.com,"405816541 upgrade to 2G not allowed, shows no packages available - 405816541",Connie Lawrence,Resolved - User Education,"User Education - the agent removed the term from the quote, which prevented selecting new products.",4 - Low,BUS Sales Ordering and Digital Support,IT Enterprise Digital Portal,IT Northwind Mobile App,,1,Marisol Whitaker,Closed,,08/11/2026 15:46:00,Marisol Whitaker,Other,,,,False,,,"Marketing, Sales & Billing Applications",08/16/2026 15:00:00,Marisol Whitaker,2,,
INC0474960,08/11/2026 14:14:51,08/17/2026 10:00:19,Matthew.Harrington@northwindtel.com,Customer cannot sign in to the Business Hub since account was created - 498773633,Matthew Harrington,Resolved - User Education,"Everything looks good on our end. The user completed their profile. If they still can't log in, ask the user to clear browser cache and try an incognito window.",4 - Low,BUS Sales Ordering and Digital Support,IT Enterprise Digital Portal,BOSS OM Enterprise Wholesale IT Support,,1,Derek Okafor,Closed,,08/12/2026 10:03:08,Derek Okafor,Access/Login/Permission Issue,,,,False,,,"Marketing, Sales & Billing Applications",08/17/2026 10:00:19,Derek Okafor,1,,
INC0469014,08/11/2026 18:28:33,09/01/2026 07:00:03,david.alvarez@northwindtel.com,No access to the business portal. - 7000001689,David Alvarez,Resolved - User Education,**MIGRATED TICKET FROM MASS MARKET SIDE TO HUB PORTAL** The user is now set up in the HUB Portal and is able to view their account.,4 - Low,BUS Sales Ordering and Digital Support,IT Enterprise Digital Portal,IT Enterprise Digital Portal,,1,Marisol Whitaker,Closed,,08/27/2026 07:34:41,Marisol Whitaker,Access/Login/Permission Issue,,,,False,,,"Marketing, Sales & Billing Applications",09/01/2026 07:00:03,Marisol Whitaker,2,,
INC0473970,08/12/2026 09:34:51,08/20/2026 08:00:11,noah.rhodes@northwindtel.com,Unable to add additional admin user to Hub profile - 7000030847,Noah Rhodes,Resolved - User Education,User Education: Only the primary admin can invite additional admins under User Management.,4 - Low,BUS Sales Ordering and Digital Support,BOSS CPQ Enterprise IT Support,BOSS CPQ Enterprise IT Support,,0,Marisol Whitaker,Closed,,08/15/2026 08:54:01,Marisol Whitaker,Access/Login/Permission Issue,,,,False,,,"Marketing, Sales & Billing Applications",08/20/2026 08:00:11,Marisol Whitaker,1,,
INC0472617,08/12/2026 12:11:35,08/25/2026 17:00:13,marc.moore@northwindtel.com,Unable to add additional admin user to Hub profile - 7000027908,Marc Moore,Resolved - User Education,User Education: Only the primary admin can invite additional admins under User Management.,4 - Low,BUS Sales Ordering and Digital Support,DIA IT Support,BOSS CPQ Enterprise IT Support,,2,Marisol Whitaker,Closed,,08/20/2026 17:20:44,Marisol Whitaker,Access/Login/Permission Issue,,,,False,,,"Marketing, Sales & Billing Applications",08/25/2026 17:00:13,Marisol Whitaker,5,,
INC0470906,08/13/2026 07:12:06,08/20/2026 09:00:08,steve.sanchez@northwindtel.com,An account could not be found for the provided user id - ,Steve Sanchez,Resolved - User Education,per HUB IT: Account was migrated and is available in the Business HUB. A new invite was sent to steve.sanchez@northwindtel.com.,4 - Low,BUS Sales Ordering and Digital Support,IT Enterprise Digital Portal,BOSS OM Enterprise Wholesale IT Support,,1,Marisol Whitaker,Closed,,08/15/2026 09:25:41,Marisol Whitaker,Access/Login/Permission Issue,,,,False,,,"Marketing, Sales & Billing Applications",08/20/2026 09:00:08,Marisol Whitaker,3,,
INC0471559,08/13/2026 09:15:33,08/18/2026 12:00:12,sherry.decker@northwindtel.com,312345606 can not download invoice - 312345606,Sherry Decker,Resolved - User Education,IT was able to download. Advise customer to clear browsing history. Invoice attached.,4 - Low,BUS Sales Ordering and Digital Support,BOSS CPQ Enterprise IT Support,BOSS OM Enterprise Wholesale IT Support,,1,Marisol Whitaker,Closed,,08/13/2026 12:43:55,Marisol Whitaker,Billing Issue,,,,False,,,"Marketing, Sales & Billing Applications",08/18/2026 12:00:12,Marisol Whitaker,3,,
INC0460324,08/13/2026 11:22:29,09/01/2026 18:00:18,Robert.Potter@northwindtel.com,No access to the business portal. - 322561156,Robert Potter,Resolved - User Education,**MIGRATED TICKET FROM MASS MARKET SIDE TO HUB PORTAL** The user is now set up in the HUB Portal and is able to view their account.,4 - Low,BUS Sales Ordering and Digital Support,IT Enterprise Digital Portal,IT Enterprise Digital Portal,,0,Marisol Whitaker,Closed,,08/27/2026 18:09:43,Marisol Whitaker,Access/Login/Permission Issue,,,,False,,,"Risk, Audit & Compliance Applications",09/01/2026 18:00:18,Marisol Whitaker,0,,
INC0463666,08/13/2026 12:42:53,08/19/2026 12:00:16,daniel.wagner@northwindtel.com,Customer gets 'no ID for the provided email could be found' when logging in - 459201451,Daniel Wagner,Resolved - User Education,User Education: Customer was using the residential portal. Directed to the Business Hub login page.,4 - Low,BUS Sales Ordering and Digital Support,IT Enterprise Digital Portal,BOSS OM Enterprise Wholesale IT Support,,2,Marisol Whitaker,Closed,,08/14/2026 12:48:23,Marisol Whitaker,Access/Login/Permission Issue,,,,False,,,"Marketing, Sales & Billing Applications",08/19/2026 12:00:16,Marisol Whitaker,3,,
INC0462696,08/14/2026 09:26:30,08/20/2026 14:00:15,margaret.dds@northwindtel.com,Customer gets 'no ID for the provided email could be found' when logging in - 7000004346,Margaret Hawkins DDS,Resolved - User Education,User Education: Customer was using the residential portal. Directed to the Business Hub login page.,4 - Low,BUS Sales Ordering and Digital Support,IT Enterprise Digital Portal,BOSS AD IT Support,,1,Derek Okafor,Closed,,08/15/2026 14:48:14,Derek Okafor,Access/Login/Permission Issue,,,,False,,,"Marketing, Sales & Billing Applications",08/20/2026 14:00:15,Derek Okafor,2,,
INC0471403,08/14/2026 13:12:09,08/19/2026 19:00:15,diana.may@northwindtel.com,Order Id 5541383 - Change Billing says no product found - ,Diana May,Resolved - User Education,Per IT - The given BAN 454590026 does not have contracts. Please correct to a valid BAN and try again.,4 - Low,BUS Sales Ordering and Digital Support,IT Enterprise Digital Portal,Northwind POTS DSL Application,,3,Marisol Whitaker,Closed,,08/14/2026 19:39:46,Marisol Whitaker,Application Issue,,,,False,,,"Marketing, Sales & Billing Applications",08/19/2026 19:00:15,Marisol Whitaker,3,,
INC0470035,08/15/2026 09:03:06,08/28/2026 23:00:17,shirley.suarez@northwindtel.com,Customer wants to disconnect Inside Wire Protection and Business Voicemail - 7000002031,Shirley Suarez,Resolved - User Education,"UE - MAC Process. Per IT: Deactivate features in service location, do not remove them.",4 - Low,BUS Sales Ordering and Digital Support,IT Enterprise Digital Portal,BOSS OM Enterprise Wholesale IT Support,,1,Marisol Whitaker,Closed,,08/23/2026 23:17:43,Marisol Whitaker,Customer Account Issue,,,,False,,,"Marketing, Sales & Billing Applications",08/28/2026 23:00:17,Marisol Whitaker,2,,
INC0455638,08/15/2026 13:59:55,09/02/2026 19:00:20,denise.jones@northwindtel.com,Customer cannot sign in to the Business Hub since account was created - 454694977,Denise Jones,Resolved - User Education,"Everything looks good on our end. The user completed their profile. If they still can't log in, ask the user to clear browser cache and try an incognito window.",4 - Low,BUS Sales Ordering and Digital Support,IT Enterprise Digital Portal,BOSS OM Enterprise Wholesale IT Support,,1,Marisol Whitaker,Closed,,08/28/2026 19:14:13,Marisol Whitaker,Access/Login/Permission Issue,,,,False,,,"Marketing, Sales & Billing Applications",09/02/2026 19:00:20,Marisol Whitaker,2,,
INC0464779,08/15/2026 15:40:40,08/20/2026 20:00:14,cheyenne.horton@northwindtel.com,"Fiber order cannot be placed at this address, pending fiber disconnect order exists - ",Cheyenne Horton,Resolved - User Education,Closing as SE is opening a case to get the site corrected.,4 - Low,BUS Sales Ordering and Digital Support,IT Enterprise Digital Portal,BOSS OM Enterprise Wholesale IT Support,,1,Marisol Whitaker,Closed,,08/15/2026 20:05:16,Marisol Whitaker,Error Message,,,,False,,,"Marketing, Sales & Billing Applications",08/20/2026 20:00:14,Marisol Whitaker,3,,
INC0468338,08/15/2026 16:46:40,08/20/2026 17:00:09,Paul.Castaneda@northwindtel.com,No access to the business portal. - 454845193,Paul Castaneda,Resolved – Permanent Fix Applied,This BAN is now available in the HUB for this user.,4 - Low,BUS Sales Ordering and Digital Support,BOSS CPQ BBBF IT Support,DIA IT Support,,1,Derek Okafor,Closed,,08/15/2026 17:32:19,Derek Okafor,Access/Login/Permission Issue,,,,False,,,"Marketing, Sales & Billing Applications",08/20/2026 17:00:09,Derek Okafor,2,,
INC0460231,08/16/2026 08:15:27,08/23/2026 01:00:07,amy.silva@northwindtel.com,Customer not receiving verification codes - ,Amy Silva,Resolved - User Education,per HUB IT: User is pending acceptance of T&C. User needs to accept T&C to receive the verification code.,4 - Low,BUS Sales Ordering and Digital Support,IT Enterprise Digital Portal,BOSS OM Enterprise Wholesale IT Support,,1,Marisol Whitaker,Closed,,08/18/2026 01:47:27,Marisol Whitaker,Access/Login/Permission Issue,,,,False,,,"Marketing, Sales & Billing Applications",08/23/2026 01:00:07,Marisol Whitaker,3,,
INC0458224,08/16/2026 08:57:59,09/06/2026 21:00:15,michele.williams@northwindtel.com,Complete disconnection and stop billing - 7000002350,Michele Williams,Resolved - User Education,UE - Disconnect. Per IT: There is active service on the BAN; please perform disconnect action using the provided link.,4 - Low,BUS Sales Ordering and Digital Support,IT Enterprise Digital Portal,BOSS OM IT Support,,2,Marisol Whitaker,Closed,,09/01/2026 21:17:55,Marisol Whitaker,Disconnecting a Customer/Service Issue,,,,False,,,"Marketing, Sales & Billing Applications",09/06/2026 21:00:15,Marisol Whitaker,4,,
INC0463123,08/16/2026 13:54:46,08/21/2026 20:00:15,james.brown@northwindtel.com,Customer not receiving verification codes - ,James Brown,Resolved - User Education,per HUB IT: User is pending acceptance of T&C. User needs to accept T&C to receive the verification code.,4 - Low,BUS Sales Ordering and Digital Support,BOSS CPQ Voice Plus IT Support,BOSS OM IT Support,,1,Marisol Whitaker,Closed,,08/16/2026 20:13:33,Marisol Whitaker,Access/Login/Permission Issue,,,,False,,,"Marketing, Sales & Billing Applications",08/21/2026 20:00:15,Marisol Whitaker,1,,
INC0470913,08/17/2026 08:40:28,08/22/2026 13:00:02,donald.wright@northwindtel.com,Customer gets 'no ID for the provided email could be found' when logging in - 7000003567,Donald Wright,Resolved - User Education,User Education: Customer was using the residential portal. Directed to the Business Hub login page.,4 - Low,BUS Sales Ordering and Digital Support,BOSS CPQ BBBF IT Support,BOSS CPQ BBBF IT Support,,0,Marisol Whitaker,Closed,,08/17/2026 13:25:56,Marisol Whitaker,Access/Login/Permission Issue,,,,False,,,"Marketing, Sales & Billing Applications",08/22/2026 13:00:02,Marisol Whitaker,1,,
INC0471171,08/17/2026 09:39:24,09/06/2026 04:00:04,Lawrence.Adkins@northwindtel.com,7000006796 - Small Business,Lawrence Adkins,Resolved – Permanent Fix Applied,This BAN is now available in the HUB for this user.,3 - Moderate,BUS Sales Ordering and Digital Support,BOSS CPQ Enterprise IT Support,BOSS AD IT Support,,1,Marisol Whitaker,Closed,,09/01/2026 04:34:53,Marisol Whitaker,Access/Login/Permission Issue,,,,False,,,"Marketing, Sales & Billing Applications",09/06/2026 04:00:04,Marisol Whitaker,2,,
INC0455869,08/18/2026 07:37:23,08/30/2026 08:00:06,timothy.duncan@northwindtel.com,User locked out of Hub after password reset - 481936011,Timothy Duncan,Resolved - User Education,User Education: Account unlocks automatically after 30 minutes. Advised user to use 'Forgot Password' link once.,4 - Low,BUS Sales Ordering and Digital Support,BOSS CPQ Voice Plus IT Support,Northwind POTS DSL Application,,1,Marisol Whitaker,Closed,,08/25/2026 08:25:09,Marisol Whitaker,Access/Login/Permission Issue,,,,False,,,"Marketing, Sales & Billing Applications",08/30/2026 08:00:06,Marisol Whitaker,5,,
INC0474349,08/19/2026 11:55:37,09/04/2026 23:00:03,megan.young@northwindtel.com,Link account to customer business hub - 449806588,Megan Young,Resolved - User Education,User Education: Customer can add the BAN themselves under My Profile > Linked Accounts.,4 - Low,BUS Sales Ordering and Digital Support,IT Enterprise Digital Portal,IT Digital Account Management,,1,Derek Okafor,Closed,,08/30/2026 23:37:26,Derek Okafor,Access/Login/Permission Issue,,,,False,,,"Marketing, Sales & Billing Applications",09/04/2026 23:00:03,Derek Okafor,2,,
INC0473033,08/19/2026 18:17:41,08/28/2026 02:00:09,erin.warner@northwindtel.com,Please re-enable create billing option for Order ID 5525221 - ,Erin Warner,Resolved - User Education,Per IT - Account setup has not been completed for this order. Account setup must be done before billing.,4 - Low,BUS Sales Ordering and Digital Support,IT Enterprise Digital Portal,IT Enterprise Digital Portal,,0,Marisol Whitaker,Closed,,08/23/2026 02:25:49,Marisol Whitaker,Other,,,,False,,,"Marketing, Sales & Billing Applications",08/28/2026 02:00:09,Marisol Whitaker,1,,
INC0464127,08/19/2026 18:22:56,08/26/2026 19:00:17,lisa.archer@northwindtel.com,"7000009624 upgrade to 2G not allowed, shows no packages available - 7000009624",Lisa Archer,Resolved - User Education,"User Education - the agent removed the term from the quote, which prevented selecting new products.",4 - Low,BUS Sales Ordering and Digital Support,IT Enterprise Digital Portal,BOSS OM Enterprise Wholesale IT Support,,2,Marisol Whitaker,Closed,,08/21/2026 19:54:09,Marisol Whitaker,Other,,,,False,,,"Marketing, Sales & Billing Applications",08/26/2026 19:00:17,Marisol Whitaker,3,,
INC0458024,08/20/2026 07:14:13,09/04/2026 13:00:17,Denise.Mccann@northwindtel.com,Customer gets 'no ID for the provided email could be found' when logging in - 7000025161,Denise Mccann,Resolved - User Education,User Education: Customer was using the residential portal. Directed to the Business Hub login page.,4 - Low,BUS Sales Ordering and Digital Support,BOSS CPQ Enterprise IT Support,BOSS CPQ BBBF IT Support,,3,Marisol Whitaker,Closed,,08/30/2026 13:53:39,Marisol Whitaker,Access/Login/Permission Issue,,,,False,,,"Marketing, Sales & Billing Applications",09/04/2026 13:00:17,Marisol Whitaker,5,,
INC0461693,08/20/2026 09:19:21,08/26/2026 08:00:03,elizabeth.perkins@northwindtel.com,No access to the business portal. - 390835851,Elizabeth Perkins,Resolved - User Education,**MIGRATED TICKET FROM MASS MARKET SIDE TO HUB PORTAL** The user is now set up in the HUB Portal and is able to view their account.,4 - Low,BUS Sales Ordering and Digital Support,IT Enterprise Digital Portal,IT Enterprise Digital Portal,,0,Marisol Whitaker,Closed,,08/21/2026 08:55:34,Marisol Whitaker,Access/Login/Permission Issue,,,,False,,,"Marketing, Sales & Billing Applications",08/26/2026 08:00:03,Marisol Whitaker,0,,
INC0455070,08/20/2026 15:22:14,08/27/2026 05:00:13,victoria.larson@northwindtel.com,Customer not receiving verification codes - ,Victoria Larson,Resolved – Permanent Fix Applied,I disabled the account-based user. Please try again; the user should now be able to access the account.,4 - Low,BUS Sales Ordering and Digital Support,IT Enterprise Digital Portal,BOSS OM IT Support,,2,Marisol Whitaker,Closed,,08/22/2026 05:08:48,Marisol Whitaker,Access/Login/Permission Issue,,,,False,,,"Marketing, Sales & Billing Applications",08/27/2026 05:00:13,Marisol Whitaker,5,,
INC0459288,08/20/2026 17:44:00,08/25/2026 20:00:05,allen.rosales@northwindtel.com,Unable to process Premium Fiber MTM - 7000034566,Allen Rosales,Resolved - User Education,User Education: MTM is not available for Premium Fiber.,4 - Low,BUS Sales Ordering and Digital Support,BOSS CPQ BBBF IT Support,BOSS CPQ BBBF IT Support,,0,Marisol Whitaker,Closed,,08/20/2026 20:14:29,Marisol Whitaker,Order Issue,,,,False,,,"Marketing, Sales & Billing Applications",08/25/2026 20:00:05,Marisol Whitaker,1,,
INC0459884,08/22/2026 13:14:36,08/27/2026 20:00:19,rebecca.valencia@northwindtel.com,Trying to upgrade to 2G on BAN 7000014348 but no speeds available at location - ,Rebecca Valencia,Resolved - User Education,UE - Service Qualification. Per IT: No speeds returned from qualification for this address.,4 - Low,BUS Sales Ordering and Digital Support,IT Enterprise Digital Portal,IT Enterprise Digital Portal,,0,Marisol Whitaker,Closed,,08/22/2026 20:17:08,Marisol Whitaker,Order Issue,,,,False,,,"Marketing, Sales & Billing Applications",08/27/2026 20:00:19,Marisol Whitaker,3,,
INC0462133,08/22/2026 13:32:40,08/27/2026 19:00:19,daniel.baker@northwindtel.com,Quote number QUO0153990 is locked and cannot select Month to Month pricing - ,Daniel Baker,Resolved - User Education,User Education: BrightQuote - Service was not selected prior to trying to select Term.,4 - Low,BUS Sales Ordering and Digital Support,IT Enterprise Digital Portal,IT Enterprise Digital Portal,,0,Marisol Whitaker,Closed,,08/22/2026 19:33:23,Marisol Whitaker,Configuration Issue,,,,False,,,"Marketing, Sales & Billing Applications",08/27/2026 19:00:19,Marisol Whitaker,1,,
INC0468848,08/22/2026 17:59:56,09/08/2026 06:00:14,jessica.holmes@northwindtel.com,Customer gets 'no ID for the provided email could be found' when logging in - 503783415,Jessica Holmes,Resolved - User Education,User Education: Customer was using the residential portal. Directed to the Business Hub login page.,4 - Low,BUS Sales Ordering and Digital Support,IT Enterprise Digital Portal,BOSS OM Enterprise Wholesale IT Support,,1,Marisol Whitaker,Closed,,09/03/2026 06:50:31,Marisol Whitaker,Access/Login/Permission Issue,,,,False,,,"Marketing, Sales & Billing Applications",09/08/2026 06:00:14,Marisol Whitaker,1,,
INC0466029,08/23/2026 15:09:53,08/31/2026 11:00:00,David.Jr.@northwindtel.com,User locked out of Hub after password reset - 7000008170,David Douglas Jr.,Resolved - User Education,User Education: Account unlocks automatically after 30 minutes. Advised user to use 'Forgot Password' link once.,4 - Low,BUS Sales Ordering and Digital Support,IT Enterprise Digital Portal,BOSS OM IT Support,,1,Marisol Whitaker,Closed,,08/26/2026 11:44:06,Marisol Whitaker,Access/Login/Permission Issue,,,,False,,,"Marketing, Sales & Billing Applications",08/31/2026 11:00:00,Marisol Whitaker,3,,
INC0470147,08/24/2026 08:40:50,08/29/2026 22:00:11,John.Bishop@northwindtel.com,Unable to reschedule wholesale orders in CPQ - ,John Bishop,Resolved - User Education,User Education - Wholesale rescheduling automation.,4 - Low,BUS Sales Ordering and Digital Support,IT Enterprise Digital Portal,IT Enterprise Digital Portal,,1,Marisol Whitaker,Closed,,08/24/2026 22:38:19,Marisol Whitaker,Other,,,,False,,,"Marketing, Sales & Billing Applications",08/29/2026 22:00:11,Marisol Whitaker,3,,
INC0466506,08/24/2026 13:35:05,09/04/2026 01:00:07,tricia.valencia@northwindtel.com,Session expired error immediately after login - ,Tricia Valencia,Resolved - User Education,"Please advise the user: clear browsing history, try an incognito window. This error displays if accessing from outside the US.",4 - Low,BUS Sales Ordering and Digital Support,IT Enterprise Digital Portal,Northwind POTS DSL Application,,1,Marisol Whitaker,Closed,,08/30/2026 01:28:53,Marisol Whitaker,Access/Login/Permission Issue,,,,False,,,"Marketing, Sales & Billing Applications",09/04/2026 01:00:07,Marisol Whitaker,2,,
INC0461984,08/25/2026 15:24:07,09/01/2026 05:00:20,angel.perry@northwindtel.com,No Welcome email - ,Angel Perry,Resolved - User Education,per HUB IT: Welcome email resent; user must check spam folder.,4 - Low,BUS Sales Ordering and Digital Support,IT Enterprise Digital Portal,BOSS OM IT Support,,2,Marisol Whitaker,Closed,,08/27/2026 05:27:16,Marisol Whitaker,Configuration Issue,,,,False,,,"Marketing, Sales & Billing Applications",09/01/2026 05:00:20,Marisol Whitaker,3,,
INC0456832,08/25/2026 16:38:03,08/25/2026 21:39:56,lawrence.adkins@northwindtel.com,Customer gets 'no ID for the provided email could be found' when logging in - 364058737,Lawrence Adkins,Resolved – Permanent Fix Applied,The BAN is now available in the HUB for this user.,4 - Low,BUS Sales Ordering and Digital Support,DIA IT Support,Northwind POTS DSL Application,,1,Marisol Whitaker,Resolved,,08/25/2026 19:18:56,Marisol Whitaker,Access/Login/Permission Issue,,,,False,,,"Marketing, Sales & Billing Applications",,,4,,
INC0468861,08/27/2026 11:12:00,09/15/2026 17:00:16,lisa.barnes@northwindtel.com,An account could not be found for the provided user id - ,Lisa Barnes,Resolved - User Education,per HUB IT: Account was migrated and is available in the Business HUB. A new invite was sent to lisa.barnes@northwindtel.com.,4 - Low,BUS Sales Ordering and Digital Support,IT Enterprise Digital Portal,BOSS AD IT Support,,1,Marisol Whitaker,Closed,,09/10/2026 17:39:47,Marisol Whitaker,Access/Login/Permission Issue,,,,False,,,"Marketing, Sales & Billing Applications",09/15/2026 17:00:16,Marisol Whitaker,2,,
INC0457267,08/27/2026 14:54:31,09/01/2026 19:00:15,lauren.daniels@northwindtel.com,ADD BAN TO HUB PROFILE - 335318329,Lauren Daniels,Resolved - User Education,User Education: Customer can add BANs under My Profile > Linked Accounts.,4 - Low,BUS Sales Ordering and Digital Support,IT Enterprise Digital Portal,BOSS OM Enterprise Wholesale IT Support,,1,Marisol Whitaker,Closed,,08/27/2026 19:23:36,Marisol Whitaker,Configuration Issue,,,,False,,,"Marketing, Sales & Billing Applications",09/01/2026 19:00:15,Marisol Whitaker,2,,
INC0457098,08/27/2026 17:55:55,08/28/2026 00:46:48,cristian.santos@northwindtel.com,Unable to add additional admin user to Hub profile - 7000002805,Cristian Santos,Resolved - User Education,User Education: Only the primary admin can invite additional admins under User Management.,4 - Low,BUS Sales Ordering and Digital Support,BOSS CPQ Enterprise IT Support,BOSS CPQ Enterprise IT Support,,0,Marisol Whitaker,Resolved,,08/27/2026 22:21:48,Marisol Whitaker,Access/Login/Permission Issue,,,,False,,,"Marketing, Sales & Billing Applications",,,1,,
INC0467455,08/28/2026 09:46:50,09/02/2026 12:00:17,brent.jordan@northwindtel.com,User locked out of Hub after password reset - 7000036086,Brent Jordan,Resolved - User Education,User Education: Account unlocks automatically after 30 minutes. Advised user to use 'Forgot Password' link once.,4 - Low,BUS Sales Ordering and Digital Support,IT Enterprise Digital Portal,IT Enterprise Digital Portal,,4,Priya Raman,Closed,,08/28/2026 12:47:32,Priya Raman,Access/Login/Permission Issue,,,,False,,,"Marketing, Sales & Billing Applications",09/02/2026 12:00:17,Priya Raman,5,,
INC0460158,08/28/2026 12:09:52,09/05/2026 01:00:09,erin.warner@northwindtel.com,User locked out of Hub after password reset - 439519699,Erin Warner,Resolved - User Education,User Education: Account unlocks automatically after 30 minutes. Advised user to use 'Forgot Password' link once.,4 - Low,BUS Sales Ordering and Digital Support,BOSS CPQ BBBF IT Support,BOSS CPQ BBBF IT Support,,2,Marisol Whitaker,Closed,,08/31/2026 01:44:46,Marisol Whitaker,Access/Login/Permission Issue,,,,False,,,"Marketing, Sales & Billing Applications",09/05/2026 01:00:09,Marisol Whitaker,3,,
INC0462216,08/28/2026 16:47:37,09/16/2026 05:00:11,brian.rodriguez@northwindtel.com,Customer wants to disconnect Inside Wire Protection and Business Voicemail - 7000001043,Brian Rodriguez,Resolved - User Education,"UE - MAC Process. Per IT: Deactivate features in service location, do not remove them.",4 - Low,BUS Sales Ordering and Digital Support,IT Enterprise Digital Portal,IT Digital Account Management,,2,Marisol Whitaker,Closed,,09/11/2026 05:57:19,Marisol Whitaker,Customer Account Issue,,,,False,,,"Marketing, Sales & Billing Applications",09/16/2026 05:00:11,Marisol Whitaker,3,,
INC0458507,08/29/2026 07:58:35,09/03/2026 08:00:09,Cameron.Fisher@northwindtel.com,User locked out of Hub after password reset - 7000023212,Cameron Fisher,Resolved - User Education,User Education: Account unlocks automatically after 30 minutes. Advised user to use 'Forgot Password' link once.,4 - Low,BUS Sales Ordering and Digital Support,IT Enterprise Digital Portal,IT Digital Account Management,,2,Marisol Whitaker,Closed,,08/29/2026 08:28:47,Marisol Whitaker,Access/Login/Permission Issue,,,,False,,,"Marketing, Sales & Billing Applications",09/03/2026 08:00:09,Marisol Whitaker,3,,Mid-Market & Small Business Sales
INC0463024,08/29/2026 09:03:16,09/04/2026 06:00:13,jamie.smith@northwindtel.com,458885007 - Small Business,Jamie Smith,Resolved – Permanent Fix Applied,This BAN is now available in the HUB for this user.,4 - Low,BUS Sales Ordering and Digital Support,IT Enterprise Digital Portal,IT Enterprise Digital Portal,,0,Marisol Whitaker,Closed,,08/30/2026 06:36:02,Marisol Whitaker,Access/Login/Permission Issue,,,,False,,,"Marketing, Sales & Billing Applications",09/04/2026 06:00:13,Marisol Whitaker,4,,
INC0463773,08/30/2026 11:54:07,09/11/2026 15:00:01,stephanie.ross@northwindtel.com,7000007912 - Small Business,Stephanie Ross,Resolved - User Education,per HUB IT: Account was migrated and is available in the Business HUB. A new invite was sent to stephanie.ross@northwindtel.com.,4 - Low,BUS Sales Ordering and Digital Support,IT Enterprise Digital Portal,BOSS CPQ BBBF IT Support,,3,Marisol Whitaker,Closed,,09/06/2026 15:41:04,Marisol Whitaker,Access/Login/Permission Issue,,,,False,,,"Marketing, Sales & Billing Applications",09/11/2026 15:00:01,Marisol Whitaker,5,,
INC0470017,08/31/2026 14:41:34,09/09/2026 18:00:12,aaron.wise@northwindtel.com,Order Id 5579215 - Change Billing says no product found - ,Aaron Wise,Resolved - User Education,Per IT - The given BAN 7000014617 does not have contracts. Please correct to a valid BAN and try again.,4 - Low,BUS Sales Ordering and Digital Support,IT Enterprise Digital Portal,BOSS OM IT Support,,1,Marisol Whitaker,Closed,,09/04/2026 18:50:33,Marisol Whitaker,Application Issue,,,,False,,,"Marketing, Sales & Billing Applications",09/09/2026 18:00:12,Marisol Whitaker,2,,
INC0472643,09/02/2026 13:24:02,09/08/2026 14:00:13,joel.williams@northwindtel.com,Unable to add additional admin user to Hub profile - 335071052,Joel Williams,Resolved - User Education,User Education: Only the primary admin can invite additional admins under User Management.,4 - Low,BUS Sales Ordering and Digital Support,DIA IT Support,BOSS CPQ BBBF IT Support,,1,Marisol Whitaker,Closed,,09/03/2026 14:41:55,Marisol Whitaker,Access/Login/Permission Issue,,,,False,,,"Marketing, Sales & Billing Applications",09/08/2026 14:00:13,Marisol Whitaker,2,,
INC0463081,09/04/2026 07:11:17,09/06/2026 12:25:20,Amber.Wright@northwindtel.com,Customer wants to disconnect Inside Wire Protection and Business Voicemail - 7000022535,Amber Wright,Resolved - User Education,"UE - MAC Process. Per IT: Deactivate features in service location, do not remove them.",4 - Low,BUS Sales Ordering and Digital Support,IT Enterprise Digital Portal,IT Enterprise Digital Portal,,0,Marisol Whitaker,Resolved,,09/06/2026 06:45:20,Marisol Whitaker,Customer Account Issue,,,,False,,,"Marketing, Sales & Billing Applications",,,1,,
INC0463924,09/04/2026 07:53:32,09/09/2026 19:00:05,anthony.rodriguez@northwindtel.com,An account could not be found for the provided user id - ,Anthony Rodriguez,Resolved - User Education,per HUB IT: Account was migrated and is available in the Business HUB. A new invite was sent to anthony.rodriguez@northwindtel.com.,4 - Low,BUS Sales Ordering and Digital Support,IT Enterprise Digital Portal,IT Northwind Mobile App,,2,Derek Okafor,Closed,,09/04/2026 19:27:14,Derek Okafor,Access/Login/Permission Issue,,,,False,,,"Marketing, Sales & Billing Applications",09/09/2026 19:00:05,Derek Okafor,3,,
INC0473448,09/04/2026 10:03:13,09/12/2026 07:00:05,cassandra.gaines@northwindtel.com,Unable to add additional admin user to Hub profile - 7000039392,Cassandra Gaines,Resolved - User Education,User Education: Only the primary admin can invite additional admins under User Management.,4 - Low,BUS Sales Ordering and Digital Support,IT Enterprise Digital Portal,IT Enterprise Digital Portal,,0,Marisol Whitaker,Closed,,09/07/2026 07:01:22,Marisol Whitaker,Access/Login/Permission Issue,,,,False,,,"Marketing, Sales & Billing Applications",09/12/2026 07:00:05,Marisol Whitaker,1,,
INC0474125,09/04/2026 10:34:46,09/18/2026 03:00:17,Alyssa.Day@northwindtel.com,Link account to customer business hub - 419660419,Alyssa Day,Resolved - User Education,User Education: Customer can add the BAN themselves under My Profile > Linked Accounts.,4 - Low,BUS Sales Ordering and Digital Support,IT Enterprise Digital Portal,BOSS CPQ BBBF IT Support,,3,Priya Raman,Closed,,09/13/2026 03:45:11,Priya Raman,Access/Login/Permission Issue,,,,False,,,"Marketing, Sales & Billing Applications",09/18/2026 03:00:17,Priya Raman,4,,
INC0461671,09/04/2026 15:22:22,09/09/2026 20:00:20,christopher.bass@northwindtel.com,Customer cannot sign in to the Business Hub since account was created - 7000034613,Christopher Bass,Resolved - User Education,"Everything looks good on our end. The user completed their profile. If they still can't log in, ask the user to clear browser cache and try an incognito window.",4 - Low,BUS Sales Ordering and Digital Support,IT Enterprise Digital Portal,IT Enterprise Digital Portal,,0,Marisol Whitaker,Closed,,09/04/2026 20:26:06,Marisol Whitaker,Access/Login/Permission Issue,,,,False,,,"Marketing, Sales & Billing Applications",09/09/2026 20:00:20,Marisol Whitaker,1,,
INC0474087,09/04/2026 15:46:53,09/10/2026 14:00:10,christopher.rubio@northwindtel.com,"Fiber order cannot be placed at this address, pending fiber disconnect order exists - ",Christopher Rubio,Resolved - User Education,Closing as SE is opening a case to get the site corrected.,4 - Low,BUS Sales Ordering and Digital Support,IT Enterprise Digital Portal,IT Enterprise Digital Portal,,0,Derek Okafor,Closed,,09/05/2026 14:39:24,Derek Okafor,Error Message,,,,False,,,"Marketing, Sales & Billing Applications",09/10/2026 14:00:10,Derek Okafor,1,,
INC0458056,09/05/2026 07:57:00,09/25/2026 13:00:12,christopher.bass@northwindtel.com,User locked out of Hub after password reset - 388169571,Christopher Bass,Resolved – Permanent Fix Applied,I disabled the account-based user. Please try again; the user should now be able to access the account.,4 - Low,BUS Sales Ordering and Digital Support,IT Enterprise Digital Portal,BOSS OM Enterprise Wholesale IT Support,,2,Marisol Whitaker,Closed,,09/20/2026 13:35:52,Marisol Whitaker,Access/Login/Permission Issue,,,,False,,,"Marketing, Sales & Billing Applications",09/25/2026 13:00:12,Marisol Whitaker,4,,
INC0466118,09/05/2026 11:36:38,09/24/2026 13:00:20,nathan.maldonado@northwindtel.com,QUO0153673 - ,Nathan Maldonado,Resolved - User Education,"User Education - Service type was not selected. Once selected, caller was able to continue.",4 - Low,BUS Sales Ordering and Digital Support,IT Enterprise Digital Portal,IT Enterprise Digital Portal,,0,Marisol Whitaker,Closed,,09/19/2026 13:37:00,Marisol Whitaker,Data Issue,,,,False,,,"Marketing, Sales & Billing Applications",09/24/2026 13:00:20,Marisol Whitaker,2,,
INC0464129,09/05/2026 14:57:57,09/21/2026 00:00:03,kenneth.scott@northwindtel.com,Change of Ownership order does not carry over Circuit ID from old BAN to new - 444076610,Kenneth Scott,Resolved - User Education,User Education: DIA changes cannot be submitted through BOSS OM.,4 - Low,BUS Sales Ordering and Digital Support,BOSS CPQ BBBF IT Support,BOSS OM Enterprise Wholesale IT Support,,2,Marisol Whitaker,Closed,,09/16/2026 00:04:52,Marisol Whitaker,Order Fallout,,,,False,,,"Marketing, Sales & Billing Applications",09/21/2026 00:00:03,Marisol Whitaker,4,,
INC0467608,09/05/2026 15:52:48,09/11/2026 00:00:20,tommy.walter@northwindtel.com,Customer not receiving verification codes - ,Tommy Walter,Resolved – Permanent Fix Applied,I disabled the account-based user. Please try again; the user should now be able to access the account.,4 - Low,BUS Sales Ordering and Digital Support,DIA IT Support,IT Digital Account Management,,2,Marisol Whitaker,Closed,,09/06/2026 00:26:36,Marisol Whitaker,Access/Login/Permission Issue,,,,False,,,"Marketing, Sales & Billing Applications",09/11/2026 00:00:20,Marisol Whitaker,3,,
INC0463679,09/05/2026 16:56:15,09/21/2026 10:47:54,Marc.Moore@northwindtel.com,Session expired error immediately after login - ,Marc Moore,Resolved - User Education,"Please advise the user: clear browsing history, try an incognito window. This error displays if accessing from outside the US.",4 - Low,BUS Sales Ordering and Digital Support,IT Enterprise Digital Portal,IT Digital Account Management,,2,Derek Okafor,Resolved,,09/21/2026 01:02:54,Derek Okafor,Access/Login/Permission Issue,,,,False,,,"Marketing, Sales & Billing Applications",,,3,,
INC0465360,09/06/2026 16:55:54,09/11/2026 17:00:02,zachary.ferrell@northwindtel.com,Customer cannot sign in to the Business Hub since account was created - 327112755,Zachary Ferrell,Resolved - User Education,"Everything looks good on our end. The user completed their profile. If they still can't log in, ask the user to clear browser cache and try an incognito window.",4 - Low,BUS Sales Ordering and Digital Support,IT Enterprise Digital Portal,IT Digital Account Management,,1,Derek Okafor,Closed,,09/06/2026 17:31:10,Derek Okafor,Access/Login/Permission Issue,,,,False,,,"Marketing, Sales & Billing Applications",09/11/2026 17:00:02,Derek Okafor,3,,
INC0467449,09/07/2026 17:11:51,09/12/2026 18:00:01,Madison.Poole@northwindtel.com,Link account to customer business hub - 7000035783,Madison Poole,Resolved - User Education,User Education: Customer can add the BAN themselves under My Profile > Linked Accounts.,4 - Low,BUS Sales Ordering and Digital Support,IT Enterprise Digital Portal,BOSS OM IT Support,,3,Marisol Whitaker,Closed,,09/07/2026 18:32:09,Marisol Whitaker,Access/Login/Permission Issue,,,,False,,,"Marketing, Sales & Billing Applications",09/12/2026 18:00:01,Marisol Whitaker,4,,
INC0458753,09/08/2026 16:00:32,09/19/2026 19:00:06,mary.marshall@northwindtel.com,Customer cannot sign in to the Business Hub since account was created - 7000033840,Mary Marshall,Resolved - User Education,"Everything looks good on our end. The user completed their profile. If they still can't log in, ask the user to clear browser cache and try an incognito window.",4 - Low,BUS Sales Ordering and Digital Support,IT Enterprise Digital Portal,IT Northwind Mobile App,,1,Marisol Whitaker,Closed,,09/14/2026 19:26:45,Marisol Whitaker,Access/Login/Permission Issue,,,,False,,,"Marketing, Sales & Billing Applications",09/19/2026 19:00:06,Marisol Whitaker,2,,
INC0465214,09/08/2026 18:05:09,09/15/2026 11:00:02,Marc.Moore@northwindtel.com,"7000002481 upgrade to 2G not allowed, shows no packages available - 7000002481",Marc Moore,Resolved - User Education,"User Education - the agent removed the term from the quote, which prevented selecting new products.",4 - Low,BUS Sales Ordering and Digital Support,IT Enterprise Digital Portal,IT Digital Account Management,,2,Marisol Whitaker,Closed,,09/10/2026 11:46:33,Marisol Whitaker,Other,,,,False,,,"Marketing, Sales & Billing Applications",09/15/2026 11:00:02,Marisol Whitaker,2,,
INC0460093,09/08/2026 18:21:55,09/25/2026 23:00:06,julie.alexander@northwindtel.com,Trying to upgrade to 2G on BAN 7000007015 but no speeds available at location - ,Julie Alexander,Resolved - User Education,UE - Service Qualification. Per IT: No speeds returned from qualification for this address.,4 - Low,BUS Sales Ordering and Digital Support,DIA IT Support,BOSS OM Enterprise Wholesale IT Support,,1,Marisol Whitaker,Closed,,09/20/2026 23:34:21,Marisol Whitaker,Order Issue,,,,False,,,"Marketing, Sales & Billing Applications",09/25/2026 23:00:06,Marisol Whitaker,4,,
INC0458070,09/09/2026 14:15:29,09/30/2026 04:00:04,Victor.Baker@northwindtel.com,Customer cannot sign in to the Business Hub since account was created - 7000032661,Victor Baker,Resolved - User Education,"Everything looks good on our end. The user completed their profile. If they still can't log in, ask the user to clear browser cache and try an incognito window.",4 - Low,BUS Sales Ordering and Digital Support,BOSS CPQ BBBF IT Support,BOSS OM IT Support,,1,Derek Okafor,Closed,,09/25/2026 04:37:50,Derek Okafor,Access/Login/Permission Issue,,,,False,,,"Marketing, Sales & Billing Applications",09/30/2026 04:00:04,Derek Okafor,2,,
INC0457254,09/09/2026 16:38:34,09/14/2026 16:00:00,Diana.May@northwindtel.com,Returned VOIP phone still being charged - 302722013,Diana May,Resolved - User Education,User Education: Devices cannot be removed unless returned within 30 days in new condition.,4 - Low,BUS Sales Ordering and Digital Support,IT Enterprise Digital Portal,BOSS OM Enterprise Wholesale IT Support,,1,Marisol Whitaker,Closed,,09/09/2026 16:58:53,Marisol Whitaker,Billing Issue,,,,False,,,"Marketing, Sales & Billing Applications",09/14/2026 16:00:00,Marisol Whitaker,1,,
INC0456664,09/10/2026 11:05:13,09/18/2026 00:00:06,Amy.Silva@northwindtel.com,Session expired error immediately after login - ,Amy Silva,Resolved - User Education,"Please advise the user: clear browsing history, try an incognito window. This error displays if accessing from outside the US.",4 - Low,BUS Sales Ordering and Digital Support,BOSS CPQ BBBF IT Support,BOSS OM Enterprise Wholesale IT Support,,2,Marisol Whitaker,Closed,,09/13/2026 00:56:17,Marisol Whitaker,Access/Login/Permission Issue,,,,False,,,"Marketing, Sales & Billing Applications",09/18/2026 00:00:06,Marisol Whitaker,4,,
INC0455812,09/11/2026 15:22:05,09/19/2026 14:00:14,robert.potter@northwindtel.com,Quote number QUO0155761 is locked and cannot select Month to Month pricing - ,Robert Potter,Resolved - User Education,User Education: BrightQuote - Service was not selected prior to trying to select Term.,4 - Low,BUS Sales Ordering and Digital Support,IT Enterprise Digital Portal,IT Enterprise Digital Portal,,0,Marisol Whitaker,Closed,,09/14/2026 14:23:58,Marisol Whitaker,Configuration Issue,,,,False,,,SAP Applications,09/19/2026 14:00:14,Marisol Whitaker,0,,
INC0461591,09/11/2026 17:27:08,09/18/2026 18:00:19,Lauren.Daniels@northwindtel.com,AMS ID is not pulling address in SNOW - ,Lauren Daniels,Resolved - User Education,Per IT - Zipcode was incorrectly entered; please retry with a valid zipcode. Screenshot attached.,4 - Low,BUS Sales Ordering and Digital Support,IT Enterprise Digital Portal,BOSS AD IT Support,,2,Derek Okafor,Closed,,09/13/2026 18:33:20,Derek Okafor,Application Issue,,,,False,,,"Marketing, Sales & Billing Applications",09/18/2026 18:00:19,Derek Okafor,2,,
INC0469086,09/12/2026 12:34:33,09/18/2026 00:00:19,david.wright@northwindtel.com,No Welcome email - ,David Wright,Resolved - User Education,per HUB IT: Welcome email resent; user must check spam folder.,4 - Low,BUS Sales Ordering and Digital Support,BOSS CPQ Enterprise IT Support,DIA IT Support,,1,Marisol Whitaker,Closed,,09/13/2026 00:36:13,Marisol Whitaker,Configuration Issue,,,,False,,,"Marketing, Sales & Billing Applications",09/18/2026 00:00:19,Marisol Whitaker,2,,
INC0466861,09/12/2026 12:48:12,09/17/2026 14:00:04,amy.silva@northwindtel.com,Phone disconnected by mistake (998) 808-1770 - 7000022140,Amy Silva,Resolved - User Education,Resolved per the notes - unclear how disconnect was initiated; service was restored.,4 - Low,BUS Sales Ordering and Digital Support,IT Enterprise Digital Portal,IT Enterprise Digital Portal,,0,Marisol Whitaker,Closed,,09/12/2026 14:22:22,Marisol Whitaker,Order Issue,,,,False,,,"Marketing, Sales & Billing Applications",09/17/2026 14:00:04,Marisol Whitaker,2,,
INC0467403,09/12/2026 18:36:19,09/17/2026 22:00:18,Paul.Jones@northwindtel.com,Discount no longer applied to customer - 7000019610,Paul Jones,Resolved - User Education,User Education: MTM Discount does not extend past one year.,4 - Low,BUS Sales Ordering and Digital Support,BOSS CPQ Enterprise IT Support,IT Digital Account Management,,3,Marisol Whitaker,Closed,,09/12/2026 22:33:43,Marisol Whitaker,Billing Issue,,,,False,,,"Marketing, Sales & Billing Applications",09/17/2026 22:00:18,Marisol Whitaker,5,,
INC0461328,09/12/2026 18:38:22,09/18/2026 00:00:11,Tommy.Walter@northwindtel.com,Customer cannot sign in to the Business Hub since account was created - 455237172,Tommy Walter,Resolved - User Education,"Everything looks good on our end. The user completed their profile. If they still can't log in, ask the user to clear browser cache and try an incognito window.",4 - Low,BUS Sales Ordering and Digital Support,DIA IT Support,BOSS OM Enterprise Wholesale IT Support,,1,Marisol Whitaker,Closed,,09/13/2026 00:42:43,Marisol Whitaker,Access/Login/Permission Issue,,,,False,,,"Marketing, Sales & Billing Applications",09/18/2026 00:00:11,Marisol Whitaker,2,,
INC0469700,09/13/2026 08:50:26,09/19/2026 14:08:42,jamie.smith@northwindtel.com,Unable to process Premium Fiber MTM - 323136960,Jamie Smith,Resolved - User Education,User Education: MTM is not available for Premium Fiber.,4 - Low,BUS Sales Ordering and Digital Support,IT Enterprise Digital Portal,BOSS OM Enterprise Wholesale IT Support,,1,Marisol Whitaker,Resolved,,09/19/2026 13:49:42,Marisol Whitaker,Order Issue,,,,False,,,"Marketing, Sales & Billing Applications",,,2,,
INC0460329,09/13/2026 10:22:35,09/30/2026 17:00:19,daniel.salinas@northwindtel.com,Link account to customer business hub - 507649566,Daniel Salinas,Resolved - User Education,User Education: Customer can add the BAN themselves under My Profile > Linked Accounts.,4 - Low,BUS Sales Ordering and Digital Support,IT Enterprise Digital Portal,BOSS OM Enterprise Wholesale IT Support,,1,Marisol Whitaker,Closed,,09/25/2026 17:18:58,Marisol Whitaker,Access/Login/Permission Issue,,,,False,,,"Marketing, Sales & Billing Applications",09/30/2026 17:00:19,Marisol Whitaker,1,,
INC0456253,09/13/2026 13:45:48,09/21/2026 12:00:09,holly.wood@northwindtel.com,Discount no longer applied to customer - 7000018093,Holly Wood,Resolved - User Education,User Education: MTM Discount does not extend past one year.,4 - Low,BUS Sales Ordering and Digital Support,BOSS CPQ Enterprise IT Support,BOSS OM BBBF IT Support,,1,Marisol Whitaker,Closed,,09/16/2026 12:52:49,Marisol Whitaker,Billing Issue,,,,False,,,"Marketing, Sales & Billing Applications",09/21/2026 12:00:09,Marisol Whitaker,3,,
INC0464232,09/14/2026 12:42:17,09/21/2026 17:00:04,Elizabeth.Kelley@northwindtel.com,7000031487 - Small Business,Elizabeth Kelley,Resolved - User Education,per HUB IT: Account was migrated and is available in the Business HUB. A new invite was sent to Elizabeth.Kelley@northwindtel.com.,4 - Low,BUS Sales Ordering and Digital Support,IT Enterprise Digital Portal,BOSS OM Enterprise Wholesale IT Support,,1,Marisol Whitaker,Closed,,09/16/2026 17:21:16,Marisol Whitaker,Access/Login/Permission Issue,,,,False,,,"Marketing, Sales & Billing Applications",09/21/2026 17:00:04,Marisol Whitaker,5,,
INC0455256,09/14/2026 15:27:06,09/19/2026 20:00:01,Samantha.Garcia@northwindtel.com,Customer not receiving verification codes - ,Samantha Garcia,Resolved - User Education,per HUB IT: User is pending acceptance of T&C. User needs to accept T&C to receive the verification code.,4 - Low,BUS Sales Ordering and Digital Support,IT Enterprise Digital Portal,BOSS OM Enterprise Wholesale IT Support,,1,Marisol Whitaker,Closed,,09/14/2026 20:59:47,Marisol Whitaker,Access/Login/Permission Issue,,,,False,,,"Marketing, Sales & Billing Applications",09/19/2026 20:00:01,Marisol Whitaker,3,,
INC0455106,09/14/2026 16:00:48,09/22/2026 13:00:15,carol.tucker@northwindtel.com,An account could not be found for the provided user id - ,Carol Tucker,Resolved - User Education,per HUB IT: Account was migrated and is available in the Business HUB. A new invite was sent to carol.tucker@northwindtel.com.,4 - Low,BUS Sales Ordering and Digital Support,IT Enterprise Digital Portal,BOSS OM Enterprise Wholesale IT Support,,3,Derek Okafor,Closed,,09/17/2026 13:19:29,Derek Okafor,Access/Login/Permission Issue,,,,False,,,"Marketing, Sales & Billing Applications",09/22/2026 13:00:15,Derek Okafor,4,,
INC0457614,09/15/2026 07:22:41,09/22/2026 17:00:09,daniel.murphy@northwindtel.com,373861069 - Small Business,Daniel Murphy,Resolved - User Education,per HUB IT: Account was migrated and is available in the Business HUB. A new invite was sent to daniel.murphy@northwindtel.com.,4 - Low,BUS Sales Ordering and Digital Support,IT Enterprise Digital Portal,IT Enterprise Digital Portal,,2,Marisol Whitaker,Closed,,09/17/2026 17:40:10,Marisol Whitaker,Access/Login/Permission Issue,,,,False,,,"Marketing, Sales & Billing Applications",09/22/2026 17:00:09,Marisol Whitaker,6,,
INC0472036,09/15/2026 07:39:57,09/23/2026 07:00:08,matthew.harrington@northwindtel.com,Customer gets 'no ID for the provided email could be found' when logging in - 7000012919,Matthew Harrington,Resolved - User Education,User Education: Customer was using the residential portal. Directed to the Business Hub login page.,4 - Low,BUS Sales Ordering and Digital Support,IT Enterprise Digital Portal,BOSS OM IT Support,,3,Priya Raman,Closed,,09/18/2026 07:08:05,Priya Raman,Access/Login/Permission Issue,,,,False,,,"Marketing, Sales & Billing Applications",09/23/2026 07:00:08,Priya Raman,12,,
INC0474481,09/15/2026 17:45:08,10/05/2026 18:00:12,jamie.walton@northwindtel.com,UPDATE PACKAGE TYPE TO ADVANCED - ,Jamie Walton,Resolved - User Education,User Education: Changing from Enhanced to Advanced requires an upgrade of the primary site.,4 - Low,BUS Sales Ordering and Digital Support,BOSS CPQ BBBF IT Support,BOSS OM Enterprise Wholesale IT Support,,4,Marisol Whitaker,Closed,,09/30/2026 18:58:17,Marisol Whitaker,Data Issue,,,,False,,,"Marketing, Sales & Billing Applications",10/05/2026 18:00:12,Marisol Whitaker,6,,
INC0472571,09/16/2026 07:05:25,09/19/2026 09:46:29,allen.rosales@northwindtel.com,Unable to reschedule wholesale orders in CPQ - ,Allen Rosales,Resolved - No response from User,No response from user after 3 follow-up attempts. Closing ticket.,4 - Low,BUS Sales Ordering and Digital Support,IT Enterprise Digital Portal,BOSS AD IT Support,,3,Marisol Whitaker,Resolved,,09/19/2026 04:57:29,Marisol Whitaker,Other,,,,False,,,"Marketing, Sales & Billing Applications",,,5,,
INC0458169,09/16/2026 18:31:23,10/05/2026 17:00:13,zachary.ferrell@northwindtel.com,No Welcome email - ,Zachary Ferrell,Resolved - User Education,per HUB IT: Welcome email resent; user must check spam folder.,4 - Low,BUS Sales Ordering and Digital Support,IT Enterprise Digital Portal,BOSS OM IT Support,,2,Marisol Whitaker,Closed,,09/30/2026 17:17:58,Marisol Whitaker,Configuration Issue,,,,False,,,"Marketing, Sales & Billing Applications",10/05/2026 17:00:13,Marisol Whitaker,3,,
INC0457208,09/17/2026 09:29:59,10/05/2026 11:00:09,cassandra.gaines@northwindtel.com,User locked out of Hub after password reset - 7000034972,Cassandra Gaines,Resolved - User Education,User Education: Account unlocks automatically after 30 minutes. Advised user to use 'Forgot Password' link once.,4 - Low,BUS Sales Ordering and Digital Support,DIA IT Support,IT Service Desk,,1,Marisol Whitaker,Closed,,09/30/2026 11:43:33,Marisol Whitaker,Access/Login/Permission Issue,,,,False,,,"Marketing, Sales & Billing Applications",10/05/2026 11:00:09,Marisol Whitaker,2,,
INC0473711,09/17/2026 17:01:11,09/27/2026 19:00:02,jessica.callahan@northwindtel.com,Customer cannot sign in to the Business Hub since account was created - 336133662,Jessica Callahan,Resolved - User Education,"Everything looks good on our end. The user completed their profile. If they still can't log in, ask the user to clear browser cache and try an incognito window.",4 - Low,BUS Sales Ordering and Digital Support,IT Enterprise Digital Portal,BOSS AD IT Support,,1,Marisol Whitaker,Closed,,09/22/2026 19:07:02,Marisol Whitaker,Access/Login/Permission Issue,,,,False,,,"Marketing, Sales & Billing Applications",09/27/2026 19:00:02,Marisol Whitaker,3,,
INC0456986,09/17/2026 17:06:56,09/22/2026 19:00:18,Stephanie.Manning@northwindtel.com,An account could not be found for the provided user id - ,Stephanie Manning,Resolved - User Education,per HUB IT: Account was migrated and is available in the Business HUB. A new invite was sent to Stephanie.Manning@northwindtel.com.,4 - Low,BUS Sales Ordering and Digital Support,IT Enterprise Digital Portal,IT Enterprise Digital Portal,,0,Derek Okafor,Closed,,09/17/2026 19:56:46,Derek Okafor,Access/Login/Permission Issue,,,,False,,,"Marketing, Sales & Billing Applications",09/22/2026 19:00:18,Derek Okafor,1,,
INC0473585,09/19/2026 12:24:17,09/21/2026 00:52:46,joseph.coleman@northwindtel.com,Session expired error immediately after login - ,Joseph Coleman,Resolved - User Education,"Please advise the user: clear browsing history, try an incognito window. This error displays if accessing from outside the US.",4 - Low,BUS Sales Ordering and Digital Support,BOSS CPQ Voice Plus IT Support,BOSS CPQ Voice Plus IT Support,,2,Marisol Whitaker,Resolved,,09/20/2026 16:48:46,Marisol Whitaker,Access/Login/Permission Issue,,,,False,,,"Marketing, Sales & Billing Applications",,,5,,
INC0467622,09/20/2026 08:14:11,09/25/2026 13:00:02,angelica.tucker@northwindtel.com,Customer gets 'no ID for the provided email could be found' when logging in - 7000003698,Angelica Tucker,Resolved - User Education,User Education: Customer was using the residential portal. Directed to the Business Hub login page.,4 - Low,BUS Sales Ordering and Digital Support,IT Enterprise Digital Portal,BOSS OM Enterprise Wholesale IT Support,,2,Derek Okafor,Closed,,09/20/2026 13:21:57,Derek Okafor,Access/Login/Permission Issue,,,,False,,,"Marketing, Sales & Billing Applications",09/25/2026 13:00:02,Derek Okafor,3,,
INC0460008,09/20/2026 09:31:00,10/11/2026 04:00:16,ashley.barton@northwindtel.com,An account could not be found for the provided user id - ,Ashley Barton,Resolved - User Education,per HUB IT: Account was migrated and is available in the Business HUB. A new invite was sent to ashley.barton@northwindtel.com.,4 - Low,BUS Sales Ordering and Digital Support,IT Enterprise Digital Portal,BOSS OM Enterprise Wholesale IT Support,,3,Marisol Whitaker,Closed,,10/06/2026 04:17:52,Marisol Whitaker,Access/Login/Permission Issue,,,,False,,,"Marketing, Sales & Billing Applications",10/11/2026 04:00:16,Marisol Whitaker,4,,
INC0474277,09/21/2026 10:29:49,09/26/2026 15:00:15,aimee.montoya@northwindtel.com,Complete disconnection and stop billing - 351513533,Aimee Montoya,Resolved - User Education,UE - Disconnect. Per IT: There is active service on the BAN; please perform disconnect action using the provided link.,4 - Low,BUS Sales Ordering and Digital Support,BOSS CPQ Enterprise IT Support,BOSS OM Enterprise Wholesale IT Support,,1,Marisol Whitaker,Closed,,09/21/2026 15:37:14,Marisol Whitaker,Disconnecting a Customer/Service Issue,,,,False,,,"Marketing, Sales & Billing Applications",09/26/2026 15:00:15,Marisol Whitaker,3,,
INC0465626,09/21/2026 11:40:45,09/26/2026 15:00:17,spencer.haynes@northwindtel.com,County of Mercado SSR 37576 account is not billing for services - 303702644,Spencer Haynes,Resolved - User Education,Closing with notes from IT: The service has a promo applied per the contract (see attachment). Billing will start after promo period.,4 - Low,BUS Sales Ordering and Digital Support,IT Enterprise Digital Portal,BOSS AD IT Support,,1,Marisol Whitaker,Closed,,09/21/2026 15:50:14,Marisol Whitaker,Other,,,,False,,,"Marketing, Sales & Billing Applications",09/26/2026 15:00:17,Marisol Whitaker,3,,
INC0474782,09/22/2026 10:07:12,09/28/2026 09:00:11,jamie.walton@northwindtel.com,Order Id 5508617 - Change Billing says no product found - ,Jamie Walton,Resolved - User Education,Per IT - The given BAN 7000019029 does not have contracts. Please correct to a valid BAN and try again.,4 - Low,BUS Sales Ordering and Digital Support,IT Enterprise Digital Portal,BOSS CPQ Enterprise IT Support,,4,Marisol Whitaker,Closed,,09/23/2026 09:16:16,Marisol Whitaker,Application Issue,,,,False,,,"Marketing, Sales & Billing Applications",09/28/2026 09:00:11,Marisol Whitaker,5,,
INC0462196,09/22/2026 10:47:25,09/27/2026 13:00:03,devon.flores@northwindtel.com,Session expired error immediately after login - ,Devon Flores,Resolved - User Education,"Please advise the user: clear browsing history, try an incognito window. This error displays if accessing from outside the US.",4 - Low,BUS Sales Ordering and Digital Support,IT Enterprise Digital Portal,BOSS CPQ Enterprise IT Support,,2,Marisol Whitaker,Closed,,09/22/2026 13:21:57,Marisol Whitaker,Access/Login/Permission Issue,,,,False,,,"Marketing, Sales & Billing Applications",09/27/2026 13:00:03,Marisol Whitaker,3,,
INC0464957,09/23/2026 07:07:33,09/28/2026 12:00:07,christopher.rubio@northwindtel.com,Customer cannot sign in to the Business Hub since account was created - 7000008730,Christopher Rubio,Resolved - User Education,"Everything looks good on our end. The user completed their profile. If they still can't log in, ask the user to clear browser cache and try an incognito window.",4 - Low,BUS Sales Ordering and Digital Support,IT Enterprise Digital Portal,BOSS AD IT Support,,2,Derek Okafor,Closed,,09/23/2026 12:33:12,Derek Okafor,Access/Login/Permission Issue,,,,False,,,"Marketing, Sales & Billing Applications",09/28/2026 12:00:07,Derek Okafor,4,,
INC0455483,09/23/2026 11:02:10,09/30/2026 07:00:04,michelle.harmon@northwindtel.com,No access to the business portal. - 7000024913,Michelle Harmon,Resolved - User Education,**MIGRATED TICKET FROM MASS MARKET SIDE TO HUB PORTAL** The user is now set up in the HUB Portal and is able to view their account.,4 - Low,BUS Sales Ordering and Digital Support,BOSS CPQ Enterprise IT Support,BOSS OM Enterprise Wholesale IT Support,,5,Marisol Whitaker,Closed,,09/25/2026 07:04:23,Marisol Whitaker,Access/Login/Permission Issue,,,,False,,,"Risk, Audit & Compliance Applications",09/30/2026 07:00:04,Marisol Whitaker,7,,
INC0457226,09/23/2026 16:10:26,09/25/2026 00:39:15,michael.wang@northwindtel.com,Property manager unable to view invoices in the HUB - 468998426,Michael Wang,Resolved - User Education,User Education: Property manager must be invited by the account admin.,4 - Low,BUS Sales Ordering and Digital Support,IT Enterprise Digital Portal,IT Enterprise Digital Portal,,0,Marisol Whitaker,Resolved,,09/24/2026 20:25:15,Marisol Whitaker,Customer Account Issue,,,,False,,,"Marketing, Sales & Billing Applications",,,3,,
INC0474819,09/24/2026 08:11:41,10/01/2026 10:00:04,Angie.Henderson@northwindtel.com,"7000013813 upgrade to 2G not allowed, shows no packages available - 7000013813",Angie Henderson,Resolved - User Education,"User Education - the agent removed the term from the quote, which prevented selecting new products.",4 - Low,BUS Sales Ordering and Digital Support,IT Enterprise Digital Portal,BOSS OM IT Support,,2,Marisol Whitaker,Closed,,09/26/2026 10:10:28,Marisol Whitaker,Other,,,,False,,,"Marketing, Sales & Billing Applications",10/01/2026 10:00:04,Marisol Whitaker,3,,
INC0460242,09/24/2026 11:53:44,10/12/2026 13:00:06,Michael.Wang@northwindtel.com,Link account to customer business hub - 7000019278,Michael Wang,Resolved - User Education,User Education: Customer can add the BAN themselves under My Profile > Linked Accounts.,4 - Low,BUS Sales Ordering and Digital Support,IT Enterprise Digital Portal,DIA IT Support,,2,Marisol Whitaker,Closed,,10/07/2026 13:34:19,Marisol Whitaker,Access/Login/Permission Issue,,,,False,,,"Marketing, Sales & Billing Applications",10/12/2026 13:00:06,Marisol Whitaker,4,,
INC0463004,09/24/2026 13:59:12,10/14/2026 03:00:12,michelle.harmon@northwindtel.com,Customer gets 'no ID for the provided email could be found' when logging in - 7000036142,Michelle Harmon,Resolved - User Education,User Education: Customer was using the residential portal. Directed to the Business Hub login page.,4 - Low,BUS Sales Ordering and Digital Support,IT Enterprise Digital Portal,BOSS OM Enterprise Wholesale IT Support,,2,Marisol Whitaker,Closed,,10/09/2026 03:29:11,Marisol Whitaker,Access/Login/Permission Issue,,,,False,,,"Marketing, Sales & Billing Applications",10/14/2026 03:00:12,Marisol Whitaker,4,,
INC0466763,09/24/2026 18:43:10,09/25/2026 13:00:26,Jonathan.Peterson@northwindtel.com,No access to the business portal. - 416753452,Jonathan Peterson,Resolved - User Education,**MIGRATED TICKET FROM MASS MARKET SIDE TO HUB PORTAL** The user is now set up in the HUB Portal and is able to view their account.,4 - Low,BUS Sales Ordering and Digital Support,IT Enterprise Digital Portal,BOSS OM BBBF IT Support,,2,Marisol Whitaker,Resolved,,09/25/2026 11:51:26,Marisol Whitaker,Access/Login/Permission Issue,,,,False,,,"Marketing, Sales & Billing Applications",,,3,,
INC0461012,09/26/2026 08:05:21,10/01/2026 10:00:01,Ashley.Waller@northwindtel.com,Customer not receiving verification codes - ,Ashley Waller,Resolved - User Education,per HUB IT: User is pending acceptance of T&C. User needs to accept T&C to receive the verification code.,4 - Low,BUS Sales Ordering and Digital Support,BOSS CPQ Enterprise IT Support,BOSS OM Enterprise Wholesale IT Support,,2,Marisol Whitaker,Closed,,09/26/2026 10:48:47,Marisol Whitaker,Access/Login/Permission Issue,,,,False,,,"Marketing, Sales & Billing Applications",10/01/2026 10:00:01,Marisol Whitaker,4,,
INC0469867,09/26/2026 15:00:44,10/05/2026 21:00:10,gina.moore@northwindtel.com,Link account to customer business hub - 402723067,Gina Moore,Resolved - User Education,User Education: Customer can add the BAN themselves under My Profile > Linked Accounts.,4 - Low,BUS Sales Ordering and Digital Support,IT Enterprise Digital Portal,BOSS OM IT Support,,3,Marisol Whitaker,Closed,,09/30/2026 21:31:09,Marisol Whitaker,Access/Login/Permission Issue,,,,False,,,"Marketing, Sales & Billing Applications",10/05/2026 21:00:10,Marisol Whitaker,6,,
INC0469246,09/26/2026 18:14:39,10/01/2026 19:00:02,angie.henderson@northwindtel.com,Unable to add additional admin user to Hub profile - 439090712,Angie Henderson,Resolved - User Education,User Education: Only the primary admin can invite additional admins under User Management.,4 - Low,BUS Sales Ordering and Digital Support,IT Enterprise Digital Portal,BOSS OM IT Support,,2,Tom Lindqvist,Closed,,09/26/2026 19:50:57,Tom Lindqvist,Access/Login/Permission Issue,,,,False,,,"Marketing, Sales & Billing Applications",10/01/2026 19:00:02,Tom Lindqvist,5,,
INC0464066,09/27/2026 11:10:24,10/02/2026 15:00:08,Madison.Poole@northwindtel.com,Returned VOIP phone still being charged - 7000025435,Madison Poole,Resolved - User Education,User Education: Devices cannot be removed unless returned within 30 days in new condition.,4 - Low,BUS Sales Ordering and Digital Support,IT Enterprise Digital Portal,BOSS OM IT Support,,1,Marisol Whitaker,Closed,,09/27/2026 15:04:18,Marisol Whitaker,Billing Issue,,,,False,,,"Marketing, Sales & Billing Applications",10/02/2026 15:00:08,Marisol Whitaker,3,,
INC0466270,09/27/2026 13:58:35,10/02/2026 15:00:09,christina.walters@northwindtel.com,Session expired error immediately after login - ,Christina Walters,Resolved - User Education,"Please advise the user: clear browsing history, try an incognito window. This error displays if accessing from outside the US.",4 - Low,BUS Sales Ordering and Digital Support,IT Enterprise Digital Portal,BOSS OM Enterprise Wholesale IT Support,,5,Marisol Whitaker,Closed,,09/27/2026 15:10:59,Marisol Whitaker,Access/Login/Permission Issue,,,,False,,,"Marketing, Sales & Billing Applications",10/02/2026 15:00:09,Marisol Whitaker,5,,
INC0473379,09/28/2026 12:12:53,10/15/2026 01:00:07,jordan.henderson@northwindtel.com,User locked out of Hub after password reset - 7000004855,Jordan Henderson,Resolved - User Education,User Education: Account unlocks automatically after 30 minutes. Advised user to use 'Forgot Password' link once.,4 - Low,BUS Sales Ordering and Digital Support,DIA IT Support,IT Digital Account Management,,1,Marisol Whitaker,Closed,,10/10/2026 01:34:09,Marisol Whitaker,Access/Login/Permission Issue,,,,False,,,"Marketing, Sales & Billing Applications",10/15/2026 01:00:07,Marisol Whitaker,2,,
INC0456916,09/28/2026 13:41:52,10/03/2026 23:00:06,Victoria.Garcia@northwindtel.com,No access to the business portal. - 419111845,Victoria Garcia,Resolved - User Education,**MIGRATED TICKET FROM MASS MARKET SIDE TO HUB PORTAL** The user is now set up in the HUB Portal and is able to view their account.,4 - Low,BUS Sales Ordering and Digital Support,IT Enterprise Digital Portal,BOSS OM Enterprise Wholesale IT Support,,3,Marisol Whitaker,Closed,,09/28/2026 23:12:50,Marisol Whitaker,Access/Login/Permission Issue,,,,False,,,"Marketing, Sales & Billing Applications",10/03/2026 23:00:06,Marisol Whitaker,4,,
INC0457274,09/28/2026 15:36:56,10/06/2026 09:00:18,jason.stein@northwindtel.com,"7000019733 upgrade to 2G not allowed, shows no packages available - 7000019733",Jason Stein,Resolved - User Education,"User Education - the agent removed the term from the quote, which prevented selecting new products.",4 - Low,BUS Sales Ordering and Digital Support,IT Enterprise Digital Portal,IT Northwind Mobile App,,3,Marisol Whitaker,Closed,,10/01/2026 09:11:08,Marisol Whitaker,Other,,,,False,,,"Marketing, Sales & Billing Applications",10/06/2026 09:00:18,Marisol Whitaker,5,,
INC0458090,09/29/2026 17:53:37,10/05/2026 01:00:03,Cameron.Parker@northwindtel.com,Please re-enable create billing option for Order ID 5598090 - ,Cameron Parker,Resolved - User Education,Per IT - Account setup has not been completed for this order. Account setup must be done before billing.,4 - Low,BUS Sales Ordering and Digital Support,BOSS CPQ BBBF IT Support,BOSS CPQ BBBF IT Support,,1,Marisol Whitaker,Closed,,09/30/2026 01:30:21,Marisol Whitaker,Other,,,,False,,,"Marketing, Sales & Billing Applications",10/05/2026 01:00:03,Marisol Whitaker,2,,
INC0469476,09/30/2026 12:20:01,10/19/2026 23:00:04,mark.brown@northwindtel.com,Customer not receiving verification codes - ,Mark Brown,Resolved - User Education,per HUB IT: User is pending acceptance of T&C. User needs to accept T&C to receive the verification code.,4 - Low,BUS Sales Ordering and Digital Support,IT Enterprise Digital Portal,BOSS OM IT Support,,2,Marisol Whitaker,Closed,,10/14/2026 23:16:09,Marisol Whitaker,Access/Login/Permission Issue,,,,False,,,"Marketing, Sales & Billing Applications",10/19/2026 23:00:04,Marisol Whitaker,3,,
